Date,CPI_diff
31-12-1979,0.90440445
02-01-1980,0.902527076
03-01-1980,0.901388138
04-01-1980,0.901713255
07-01-1980,0.898311175
08-01-1980,0.898876404
09-01-1980,0.898472597
10-01-1980,0.899280576
11-01-1980,0.900090009
14-01-1980,0.900252071
15-01-1980,0.902119982
16-01-1980,0.900495272
17-01-1980,0.900900901
18-01-1980,0.900738606
21-01-1980,0.901306895
22-01-1980,0.901875902
23-01-1980,0.89968511
24-01-1980,0.901388138
25-01-1980,0.902282775
28-01-1980,0.902853016
29-01-1980,0.904322662
30-01-1980,0.903179191
31-01-1980,0.903587241
01-02-1980,0.904731747
04-02-1980,0.903995661
05-02-1980,0.903016074
06-02-1980,0.902364194
07-02-1980,0.901631954
08-02-1980,0.903097625
11-02-1980,0.903505602
13-02-1980,0.903750565
14-02-1980,0.903750565
15-02-1980,0.899280576
19-02-1980,0.906371794
20-02-1980,0.906782735
21-02-1980,0.907029478
22-02-1980,0.908265213
25-02-1980,0.909090909
26-02-1980,0.910332271
27-02-1980,0.909918107
28-02-1980,0.909918107
29-02-1980,0.911577028
03-03-1980,0.912159081
04-03-1980,0.911161731
05-03-1980,0.911577028
06-03-1980,0.913242009
07-03-1980,0.913242009
10-03-1980,0.914076782
11-03-1980,0.912492016
12-03-1980,0.912242292
13-03-1980,0.913659205
14-03-1980,0.914745701
17-03-1980,0.917852226
18-03-1980,0.91954023
19-03-1980,0.920640766
20-03-1980,0.91954023
21-03-1980,0.920556016
24-03-1980,0.920979923
25-03-1980,0.921234454
26-03-1980,0.920386562
27-03-1980,0.923446302
28-03-1980,0.923361034
31-03-1980,0.924385284
01-04-1980,0.928074246
02-04-1980,0.933532487
03-04-1980,0.933096949
04-04-1980,0.934579439
07-04-1980,0.937207123
08-04-1980,0.931966449
09-04-1980,0.925497455
10-04-1980,0.921658986
11-04-1980,0.916590284
14-04-1980,0.914913083
15-04-1980,0.915583227
16-04-1980,0.913659205
17-04-1980,0.913659205
18-04-1980,0.911743253
21-04-1980,0.912825194
22-04-1980,0.911992704
23-04-1980,0.909090909
24-04-1980,0.904159132
25-04-1980,0.904159132
28-04-1980,0.900495272
29-04-1980,0.896700143
30-04-1980,0.896860987
01-05-1980,0.897504936
02-05-1980,0.898149811
05-05-1980,0.897666068
06-05-1980,0.89206066
07-05-1980,0.889679715
08-05-1980,0.889838049
09-05-1980,0.889363216
12-05-1980,0.886524823
13-05-1980,0.885347499
14-05-1980,0.884564352
15-05-1980,0.885739593
16-05-1980,0.887311446
19-05-1980,0.885739593
20-05-1980,0.883782589
21-05-1980,0.881834215
22-05-1980,0.879352796
23-05-1980,0.876808417
27-05-1980,0.870700914
28-05-1980,0.872600349
29-05-1980,0.872600349
30-05-1980,0.875043752
02-06-1980,0.872219799
03-06-1980,0.874890639
04-06-1980,0.874125874
05-06-1980,0.873515024
06-06-1980,0.871080139
09-06-1980,0.866776458
10-06-1980,0.866851595
11-06-1980,0.866551127
12-06-1980,0.866325912
13-06-1980,0.864677907
16-06-1980,0.864677907
17-06-1980,0.865426222
18-06-1980,0.864677907
19-06-1980,0.865576041
20-06-1980,0.86565097
23-06-1980,0.864080187
24-06-1980,0.865201592
25-06-1980,0.866175834
26-06-1980,0.865201592
27-06-1980,0.865051903
30-06-1980,0.865800866
01-07-1980,0.865276456
02-07-1980,0.864229539
03-07-1980,0.864304235
07-07-1980,0.861697544
08-07-1980,0.862589494
09-07-1980,0.861846074
10-07-1980,0.860807437
11-07-1980,0.860437102
14-07-1980,0.861178092
15-07-1980,0.862515094
16-07-1980,0.861252261
17-07-1980,0.860881543
18-07-1980,0.861846074
21-07-1980,0.868357068
22-07-1980,0.861178092
23-07-1980,0.863707031
24-07-1980,0.862291972
25-07-1980,0.863036161
28-07-1980,0.863781636
29-07-1980,0.864902266
30-07-1980,0.865576041
31-07-1980,0.868432479
01-08-1980,0.869111768
04-08-1980,0.868432479
05-08-1980,0.86640097
06-08-1980,0.864902266
07-08-1980,0.86565097
08-08-1980,0.86565097
11-08-1980,0.865351333
12-08-1980,0.863707031
13-08-1980,0.862366333
14-08-1980,0.86281277
15-08-1980,0.863036161
18-08-1980,0.865276456
19-08-1980,0.864453665
20-08-1980,0.863408738
21-08-1980,0.863930886
22-08-1980,0.863707031
25-08-1980,0.863259669
26-08-1980,0.860733345
27-08-1980,0.860881543
28-08-1980,0.858369099
29-08-1980,0.858516484
02-09-1980,0.855724799
03-09-1980,0.855066268
04-09-1980,0.854189801
05-09-1980,0.855798032
08-09-1980,0.85499316
09-09-1980,0.854920065
10-09-1980,0.854920065
11-09-1980,0.853898045
12-09-1980,0.852805731
15-09-1980,0.852878465
16-09-1980,0.853460783
17-09-1980,0.852514919
18-09-1980,0.853315129
19-09-1980,0.853096741
22-09-1980,0.853825137
23-09-1980,0.85660442
24-09-1980,0.856384345
25-09-1980,0.854554777
26-09-1980,0.854700855
29-09-1980,0.855285665
30-09-1980,0.853970965
01-10-1980,0.851136267
02-10-1980,0.85106383
03-10-1980,0.85106383
06-10-1980,0.850123268
07-10-1980,0.851281178
08-10-1980,0.85041245
09-10-1980,0.850484776
10-10-1980,0.850340136
14-10-1980,0.849112677
15-10-1980,0.850195545
16-10-1980,0.850774205
17-10-1980,0.850846592
20-10-1980,0.850846592
21-10-1980,0.851281178
22-10-1980,0.851571149
23-10-1980,0.852514919
24-10-1980,0.8526603
27-10-1980,0.854700855
28-10-1980,0.855139388
29-10-1980,0.853898045
30-10-1980,0.852151683
31-10-1980,0.853242321
03-11-1980,0.854116843
05-11-1980,0.853898045
06-11-1980,0.85462781
07-11-1980,0.857780065
10-11-1980,0.858811405
12-11-1980,0.856164384
13-11-1980,0.854335754
14-11-1980,0.856017805
17-11-1980,0.856751199
18-11-1980,0.857632933
19-11-1980,0.856017805
20-11-1980,0.85660442
21-11-1980,0.857485851
24-11-1980,0.856677803
25-11-1980,0.856971463
26-11-1980,0.858221765
28-11-1980,0.859106529
01-12-1980,0.860437102
02-12-1980,0.859106529
03-12-1980,0.859549596
04-12-1980,0.85785365
05-12-1980,0.857780065
08-12-1980,0.855066268
09-12-1980,0.856898029
10-12-1980,0.856237692
11-12-1980,0.859845228
12-12-1980,0.859623485
15-12-1980,0.85741233
16-12-1980,0.858663919
17-12-1980,0.858663919
18-12-1980,0.858148116
19-12-1980,0.856898029
22-12-1980,0.855505176
23-12-1980,0.852151683
24-12-1980,0.85106383
26-12-1980,0.850340136
29-12-1980,0.85106383
30-12-1980,0.847457627
31-12-1980,0.84645336
02-01-1981,0.847314015
05-01-1981,0.844095552
06-01-1981,0.841042893
07-01-1981,0.841042893
08-01-1981,0.842815002
09-01-1981,0.843739453
12-01-1981,0.847457627
13-01-1981,0.847960655
14-01-1981,0.846883469
15-01-1981,0.846381718
16-01-1981,0.848320326
19-01-1981,0.846740051
20-01-1981,0.84623847
21-01-1981,0.842815002
22-01-1981,0.845594453
23-01-1981,0.847314015
26-01-1981,0.841750842
27-01-1981,0.849617672
28-01-1981,0.850701829
29-01-1981,0.851788756
30-01-1981,0.848608282
02-02-1981,0.855431993
03-02-1981,0.858958942
04-02-1981,0.85719184
05-02-1981,0.857927248
06-02-1981,0.857927248
09-02-1981,0.857927248
10-02-1981,0.858148116
11-02-1981,0.858221765
13-02-1981,0.865351333
17-02-1981,0.865426222
18-02-1981,0.862440707
19-02-1981,0.862589494
20-02-1981,0.856898029
23-02-1981,0.857265324
24-02-1981,0.860215054
25-02-1981,0.861326443
26-02-1981,0.863185153
27-02-1981,0.865800866
02-03-1981,0.868432479
03-03-1981,0.868658791
04-03-1981,0.864902266
05-03-1981,0.86565097
06-03-1981,0.865800866
09-03-1981,0.864378944
10-03-1981,0.860585198
11-03-1981,0.861252261
12-03-1981,0.861178092
13-03-1981,0.860437102
16-03-1981,0.858516484
17-03-1981,0.857632933
18-03-1981,0.854554777
19-03-1981,0.853460783
20-03-1981,0.852369587
23-03-1981,0.854554777
24-03-1981,0.853970965
25-03-1981,0.855285665
26-03-1981,0.858369099
27-03-1981,0.861697544
30-03-1981,0.860067085
31-03-1981,0.856971463
01-04-1981,0.859254167
02-04-1981,0.860807437
03-04-1981,0.863036161
06-04-1981,0.866551127
07-04-1981,0.865201592
08-04-1981,0.864677907
09-04-1981,0.865426222
10-04-1981,0.866325912
13-04-1981,0.868734254
14-04-1981,0.867829558
15-04-1981,0.870322019
16-04-1981,0.870700914
17-04-1981,0.870322019
20-04-1981,0.872219799
21-04-1981,0.871080139
22-04-1981,0.867603679
23-04-1981,0.867453158
24-04-1981,0.868281671
27-04-1981,0.866551127
28-04-1981,0.866776458
29-04-1981,0.868658791
30-04-1981,0.870170553
01-05-1981,0.870549317
04-05-1981,0.873286176
05-05-1981,0.875656743
06-05-1981,0.875043752
07-05-1981,0.876424189
08-05-1981,0.874508089
11-05-1981,0.875120329
12-05-1981,0.876501008
13-05-1981,0.877577885
14-05-1981,0.880746873
15-05-1981,0.880902044
18-05-1981,0.878503031
19-05-1981,0.877039116
20-05-1981,0.875273523
21-05-1981,0.875733427
22-05-1981,0.87657784
26-05-1981,0.878425861
27-05-1981,0.880669309
28-05-1981,0.878117316
29-05-1981,0.878194432
01-06-1981,0.876347384
02-06-1981,0.879120879
03-06-1981,0.879275477
04-06-1981,0.886524823
05-06-1981,0.888099467
08-06-1981,0.887311446
09-06-1981,0.887311446
10-06-1981,0.883002208
11-06-1981,0.883158174
12-06-1981,0.881057269
15-06-1981,0.874508089
16-06-1981,0.872219799
17-06-1981,0.87024628
18-06-1981,0.871307833
19-06-1981,0.872600349
22-06-1981,0.871763578
23-06-1981,0.86918731
24-06-1981,0.869036239
25-06-1981,0.871459695
26-06-1981,0.871080139
29-06-1981,0.870852565
30-06-1981,0.871231922
01-07-1981,0.871991629
02-07-1981,0.871080139
03-07-1981,0.873286176
06-07-1981,0.873591334
07-07-1981,0.872981231
08-07-1981,0.874125874
09-07-1981,0.874890639
10-07-1981,0.874125874
13-07-1981,0.873362445
14-07-1981,0.874890639
15-07-1981,0.872600349
16-07-1981,0.873133677
17-07-1981,0.872905028
20-07-1981,0.874125874
21-07-1981,0.877577885
22-07-1981,0.876040298
23-07-1981,0.877346903
24-07-1981,0.876808417
27-07-1981,0.876501008
28-07-1981,0.878117316
29-07-1981,0.877577885
30-07-1981,0.87966221
31-07-1981,0.880902044
03-08-1981,0.887862914
04-08-1981,0.890868597
05-08-1981,0.886682036
06-08-1981,0.884955752
07-08-1981,0.881600987
10-08-1981,0.883392226
11-08-1981,0.885112409
12-08-1981,0.878425861
13-08-1981,0.879507476
14-08-1981,0.879275477
17-08-1981,0.876424189
18-08-1981,0.874125874
19-08-1981,0.87320992
20-08-1981,0.870322019
21-08-1981,0.868055556
24-08-1981,0.868206286
25-08-1981,0.872600349
26-08-1981,0.871991629
27-08-1981,0.871839582
28-08-1981,0.869943454
31-08-1981,0.869943454
01-09-1981,0.872600349
02-09-1981,0.870700914
03-09-1981,0.870322019
04-09-1981,0.869943454
08-09-1981,0.87427872
09-09-1981,0.876501008
10-09-1981,0.874125874
11-09-1981,0.875273523
14-09-1981,0.871991629
15-09-1981,0.866926745
16-09-1981,0.865276456
17-09-1981,0.864677907
18-09-1981,0.864603147
21-09-1981,0.863930886
22-09-1981,0.863930886
23-09-1981,0.868658791
24-09-1981,0.871459695
25-09-1981,0.872905028
28-09-1981,0.875886835
29-09-1981,0.874049471
30-09-1981,0.875043752
01-10-1981,0.874890639
02-10-1981,0.873362445
05-10-1981,0.869565217
06-10-1981,0.870700914
07-10-1981,0.867152272
08-10-1981,0.866926745
09-10-1981,0.86565097
13-10-1981,0.868055556
14-10-1981,0.87009484
15-10-1981,0.872600349
16-10-1981,0.875580072
19-10-1981,0.875120329
20-10-1981,0.876424189
21-10-1981,0.879507476
22-10-1981,0.880436697
23-10-1981,0.878348704
26-10-1981,0.88269044
27-10-1981,0.882145378
28-10-1981,0.881212548
29-10-1981,0.880669309
30-10-1981,0.879507476
02-11-1981,0.875196919
04-11-1981,0.874661069
05-11-1981,0.874431619
06-11-1981,0.874890639
09-11-1981,0.87420229
10-11-1981,0.87657784
12-11-1981,0.874508089
13-11-1981,0.874125874
16-11-1981,0.873973082
17-11-1981,0.874125874
18-11-1981,0.872524213
19-11-1981,0.871687587
20-11-1981,0.872981231
23-11-1981,0.871991629
24-11-1981,0.87092841
25-11-1981,0.86979212
27-11-1981,0.869036239
30-11-1981,0.868206286
01-12-1981,0.871080139
02-12-1981,0.871687587
03-12-1981,0.874814102
04-12-1981,0.873896705
07-12-1981,0.874890639
08-12-1981,0.878348704
09-12-1981,0.877963126
10-12-1981,0.881057269
11-12-1981,0.882378893
14-12-1981,0.884564352
15-12-1981,0.882612533
16-12-1981,0.884173298
17-12-1981,0.883392226
18-12-1981,0.885347499
21-12-1981,0.885818053
22-12-1981,0.885347499
23-12-1981,0.88691796
24-12-1981,0.888099467
28-12-1981,0.888888889
29-12-1981,0.888336146
30-12-1981,0.886132034
31-12-1981,0.886524823
04-01-1982,0.885739593
05-01-1982,0.886760663
06-01-1982,0.88691796
07-01-1982,0.889917238
08-01-1982,0.889679715
11-01-1982,0.893255918
12-01-1982,0.893655049
13-01-1982,0.895255148
14-01-1982,0.897666068
15-01-1982,0.897666068
18-01-1982,0.897666068
19-01-1982,0.897504936
20-01-1982,0.898634076
21-01-1982,0.898876404
22-01-1982,0.901713255
25-01-1982,0.905387053
26-01-1982,0.904813608
27-01-1982,0.906864968
28-01-1982,0.909918107
29-01-1982,0.914913083
01-02-1982,0.912658574
02-02-1982,0.913492281
03-02-1982,0.915750916
04-02-1982,0.91424392
05-02-1982,0.916170408
08-02-1982,0.916758343
09-02-1982,0.920640766
10-02-1982,0.919793966
11-02-1982,0.919963201
16-02-1982,0.919963201
17-02-1982,0.929108984
18-02-1982,0.925925926
19-02-1982,0.924812725
22-02-1982,0.924043615
23-02-1982,0.928074246
24-02-1982,0.927902014
25-02-1982,0.929973031
26-02-1982,0.931532371
01-03-1982,0.934579439
02-03-1982,0.934492104
03-03-1982,0.934142924
04-03-1982,0.935453695
05-03-1982,0.93475416
08-03-1982,0.935453695
09-03-1982,0.939849624
10-03-1982,0.94029149
11-03-1982,0.942684766
12-03-1982,0.943841435
15-03-1982,0.944643869
16-03-1982,0.943485234
17-03-1982,0.943218261
18-03-1982,0.944465433
19-03-1982,0.946521533
22-03-1982,0.947867299
23-03-1982,0.947867299
24-03-1982,0.946073794
25-03-1982,0.948766603
26-03-1982,0.949487277
29-03-1982,0.951927653
30-03-1982,0.951022349
31-03-1982,0.952925481
01-04-1982,0.950570342
02-04-1982,0.951384264
05-04-1982,0.953743443
06-04-1982,0.954380607
07-04-1982,0.952653139
08-04-1982,0.958313368
09-04-1982,0.956937799
12-04-1982,0.954836246
13-04-1982,0.954016409
14-04-1982,0.954380607
15-04-1982,0.954745083
16-04-1982,0.954380607
19-04-1982,0.951927653
20-04-1982,0.95038966
21-04-1982,0.949938254
22-04-1982,0.949216896
23-04-1982,0.948676596
26-04-1982,0.947687642
27-04-1982,0.946521533
28-04-1982,0.944465433
29-04-1982,0.942507069
30-04-1982,0.942151875
03-05-1982,0.942240648
04-05-1982,0.943841435
05-05-1982,0.942151875
06-05-1982,0.938086304
07-05-1982,0.936329588
10-05-1982,0.938086304
11-05-1982,0.937822376
12-05-1982,0.938967136
13-05-1982,0.941796949
14-05-1982,0.941974378
17-05-1982,0.944733113
18-05-1982,0.945894816
19-05-1982,0.948766603
20-05-1982,0.948047023
21-05-1982,0.945358291
24-05-1982,0.945358291
25-05-1982,0.947867299
26-05-1982,0.948856628
27-05-1982,0.951474786
28-05-1982,0.952108921
01-06-1982,0.956022945
02-06-1982,0.956388676
03-06-1982,0.954289531
04-06-1982,0.9544717
07-06-1982,0.956388676
08-06-1982,0.959048624
09-06-1982,0.961446015
10-06-1982,0.963112781
11-06-1982,0.961538462
14-06-1982,0.967398665
15-06-1982,0.967773154
16-06-1982,0.97059109
17-06-1982,0.974089227
18-06-1982,0.976753272
21-06-1982,0.97933601
22-06-1982,0.977421562
23-06-1982,0.978665101
24-06-1982,0.977803853
25-06-1982,0.979911808
28-06-1982,0.983477577
29-06-1982,0.979911808
30-06-1982,0.97837785
01-07-1982,0.980296049
02-07-1982,0.980488283
06-07-1982,0.984155103
07-07-1982,0.987166831
08-07-1982,0.967773154
09-07-1982,0.984445757
12-07-1982,0.98454268
13-07-1982,0.988826263
14-07-1982,0.988337616
15-07-1982,0.98804466
16-07-1982,0.987751877
19-07-1982,0.98697197
20-07-1982,0.988630746
21-07-1982,0.989217529
22-07-1982,0.990982063
23-07-1982,0.996015936
26-07-1982,0.992063492
27-07-1982,0.995619275
28-07-1982,0.999000999
29-07-1982,1.003009027
30-07-1982,1.011122346
02-08-1982,1.003512293
03-08-1982,1.004722194
04-08-1982,1.011122346
05-08-1982,1.013273888
06-08-1982,1.015434606
09-08-1982,1.020095889
10-08-1982,1.020720629
11-08-1982,1.022599448
12-08-1982,1.026167265
13-08-1982,1.025956705
16-08-1982,1.02891244
17-08-1982,1.030502885
18-08-1982,1.026694045
19-08-1982,1.030078286
20-08-1982,1.024905196
23-08-1982,1.023541453
24-08-1982,1.019264091
25-08-1982,1.018018935
26-08-1982,1.02145046
27-08-1982,1.028806584
30-08-1982,1.035518277
31-08-1982,1.037129226
01-09-1982,1.034661148
02-09-1982,1.031140441
03-09-1982,1.034126163
07-09-1982,1.033805438
08-09-1982,1.037344398
09-09-1982,1.036054704
10-09-1982,1.040799334
13-09-1982,1.046572475
14-09-1982,1.045150502
15-09-1982,1.045150502
16-09-1982,1.046791584
17-09-1982,1.043732387
20-09-1982,1.045369015
21-09-1982,1.046682018
22-09-1982,1.045150502
23-09-1982,1.045696957
24-09-1982,1.048218029
27-09-1982,1.051524711
28-09-1982,1.053518753
29-09-1982,1.053185887
30-09-1982,1.053185887
01-10-1982,1.054185115
04-10-1982,1.057305984
05-10-1982,1.060108131
06-10-1982,1.060108131
07-10-1982,1.055966209
08-10-1982,1.050972149
12-10-1982,1.049538203
13-10-1982,1.052631579
14-10-1982,1.054185115
15-10-1982,1.057977148
18-10-1982,1.057865228
19-10-1982,1.05764146
20-10-1982,1.061458444
21-10-1982,1.062699256
22-10-1982,1.063603489
25-10-1982,1.066666667
26-10-1982,1.068376068
27-10-1982,1.068147832
28-10-1982,1.070205479
29-10-1982,1.068604403
01-11-1982,1.068604403
03-11-1982,1.069289991
04-11-1982,1.071466838
05-11-1982,1.070434596
08-11-1982,1.070663812
09-11-1982,1.067691651
10-11-1982,1.062134891
12-11-1982,1.064509261
15-11-1982,1.064735945
16-11-1982,1.06179656
17-11-1982,1.062247716
18-11-1982,1.062360565
19-11-1982,1.057753332
22-11-1982,1.054407423
23-11-1982,1.056524036
24-11-1982,1.051967179
26-11-1982,1.048437828
29-11-1982,1.046572475
30-11-1982,1.043950308
01-12-1982,1.042752868
02-12-1982,1.039825309
03-12-1982,1.038853106
06-12-1982,1.036376827
07-12-1982,1.036806636
08-12-1982,1.036162056
09-12-1982,1.039284972
10-12-1982,1.038098204
13-12-1982,1.042535446
14-12-1982,1.040474456
15-12-1982,1.039068994
16-12-1982,1.03626943
17-12-1982,1.036484245
20-12-1982,1.033912324
21-12-1982,1.031140441
22-12-1982,1.029018317
23-12-1982,1.029124215
24-12-1982,1.026694045
27-12-1982,1.025956705
28-12-1982,1.019887812
29-12-1982,1.01822625
30-12-1982,1.019367992
31-12-1982,1.020408163
03-01-1983,1.016260163
04-01-1983,1.01502233
05-01-1983,1.012658228
06-01-1983,1.013581999
07-01-1983,1.012555691
10-01-1983,1.01061142
11-01-1983,1.01061142
12-01-1983,1.011122346
13-01-1983,1.009591116
14-01-1983,1.011531459
17-01-1983,1.010815728
18-01-1983,1.015640869
19-01-1983,1.019367992
20-01-1983,1.020616452
21-01-1983,1.021972407
24-01-1983,1.027432446
25-01-1983,1.02145046
26-01-1983,1.025641026
27-01-1983,1.025641026
28-01-1983,1.027538019
31-01-1983,1.033378113
01-02-1983,1.033271337
02-02-1983,1.037882719
03-02-1983,1.035732781
04-02-1983,1.037344398
07-02-1983,1.034661148
08-02-1983,1.031991744
09-02-1983,1.030715316
10-02-1983,1.030715316
11-02-1983,1.030290542
14-02-1983,1.031246777
15-02-1983,1.031034127
16-02-1983,1.029866117
17-02-1983,1.032098256
18-02-1983,1.032737788
22-02-1983,1.037344398
23-02-1983,1.039392994
24-02-1983,1.040041602
25-02-1983,1.040582726
28-02-1983,1.047668937
01-03-1983,1.053185887
02-03-1983,1.052410019
03-03-1983,1.05374078
04-03-1983,1.056524036
07-03-1983,1.054296257
08-03-1983,1.171646163
09-03-1983,1.17260788
10-03-1983,1.16509379
11-03-1983,1.165501166
14-03-1983,1.14246544
15-03-1983,1.143379831
16-03-1983,1.14416476
17-03-1983,1.145475372
18-03-1983,1.152073733
21-03-1983,1.153402537
22-03-1983,1.153269519
23-03-1983,1.153402537
24-03-1983,1.150747986
25-03-1983,1.152870648
28-03-1983,1.155668554
29-03-1983,1.155802127
30-03-1983,1.155001155
31-03-1983,1.157139551
01-04-1983,1.156737999
04-04-1983,1.155802127
05-04-1983,1.154734411
06-04-1983,1.153668666
07-04-1983,1.15446779
08-04-1983,1.155401502
11-04-1983,1.152737752
12-04-1983,1.152604887
13-04-1983,1.153668666
14-04-1983,1.152073733
15-04-1983,1.150747986
18-04-1983,1.150615579
19-04-1983,1.150218542
20-04-1983,1.151675688
21-04-1983,1.150350857
22-04-1983,1.151012891
25-04-1983,1.149425287
26-04-1983,1.151808339
27-04-1983,1.150483203
28-04-1983,1.152604887
29-04-1983,1.153269519
02-05-1983,1.152073733
03-05-1983,1.151410478
04-05-1983,1.147973826
05-05-1983,1.147446931
06-05-1983,1.147842057
09-05-1983,1.145737855
10-05-1983,1.145737855
11-05-1983,1.138692781
12-05-1983,1.133658315
13-05-1983,1.129943503
16-05-1983,1.128795575
17-05-1983,1.131861913
18-05-1983,1.131861913
19-05-1983,1.13430127
20-05-1983,1.133658315
23-05-1983,1.134558657
24-05-1983,1.134429949
25-05-1983,1.133786848
26-05-1983,1.133144476
27-05-1983,1.132502831
31-05-1983,1.134944955
01-06-1983,1.136105431
02-06-1983,1.133786848
03-06-1983,1.135589371
06-06-1983,1.136363636
07-06-1983,1.137656428
08-06-1983,1.138952164
09-06-1983,1.141291942
10-06-1983,1.14064104
13-06-1983,1.139731023
14-06-1983,1.143772161
15-06-1983,1.143249114
16-06-1983,1.141552511
17-06-1983,1.14246544
20-06-1983,1.141813199
21-06-1983,1.141422212
22-06-1983,1.139341461
23-06-1983,1.138563133
24-06-1983,1.138044839
27-06-1983,1.142595978
28-06-1983,1.141813199
29-06-1983,1.142857143
30-06-1983,1.14246544
01-07-1983,1.141291942
05-07-1983,1.144557628
06-07-1983,1.144819691
07-07-1983,1.146394589
08-07-1983,1.145081873
11-07-1983,1.145475372
12-07-1983,1.146131805
13-07-1983,1.147052076
14-07-1983,1.146131805
15-07-1983,1.148765078
18-07-1983,1.148105626
19-07-1983,1.145081873
20-07-1983,1.142857143
21-07-1983,1.13662196
22-07-1983,1.137268282
25-07-1983,1.135976372
26-07-1983,1.137656428
27-07-1983,1.136234519
28-07-1983,1.13481616
29-07-1983,1.136234519
01-08-1983,1.137656428
02-08-1983,1.139211666
03-08-1983,1.141161703
04-08-1983,1.141813199
05-08-1983,1.143379831
08-08-1983,1.143510577
09-08-1983,1.141291942
10-08-1983,1.144426642
11-08-1983,1.147315282
12-08-1983,1.147446931
15-08-1983,1.143902997
16-08-1983,1.135589371
17-08-1983,1.134558657
18-08-1983,1.13058225
19-08-1983,1.131990038
22-08-1983,1.128668172
23-08-1983,1.125619091
24-08-1983,1.128668172
25-08-1983,1.125872551
26-08-1983,1.133272892
29-08-1983,1.136105431
30-08-1983,1.137397634
31-08-1983,1.138692781
01-09-1983,1.140510949
02-09-1983,1.141291942
06-09-1983,1.13960114
07-09-1983,1.140771161
08-09-1983,1.141031492
09-09-1983,1.1368804
12-09-1983,1.128540797
13-09-1983,1.126887537
14-09-1983,1.128795575
15-09-1983,1.126760563
16-09-1983,1.128540797
19-09-1983,1.125492403
20-09-1983,1.123721766
21-09-1983,1.121076233
22-09-1983,1.119695443
23-09-1983,1.117568172
26-09-1983,1.113089938
27-09-1983,1.1149515
28-09-1983,1.113957892
29-09-1983,1.114827202
30-09-1983,1.114702932
03-10-1983,1.113709767
04-10-1983,1.111481605
05-10-1983,1.104728237
06-10-1983,1.095410231
07-10-1983,1.093852549
11-10-1983,1.092179991
12-10-1983,1.096491228
13-10-1983,1.097453907
14-10-1983,1.09733348
17-10-1983,1.090274749
18-10-1983,1.090393632
19-10-1983,1.090988436
20-10-1983,1.091107474
21-10-1983,1.085069444
24-10-1983,1.088139282
25-10-1983,1.087784184
26-10-1983,1.089918256
27-10-1983,1.089561996
28-10-1983,1.088613107
31-10-1983,1.09469075
01-11-1983,1.094930472
02-11-1983,1.09469075
03-11-1983,1.09301563
04-11-1983,1.097694841
07-11-1983,1.097935881
09-11-1983,1.095890411
10-11-1983,1.090631476
14-11-1983,1.088613107
15-11-1983,1.085187195
16-11-1983,1.087429317
17-11-1983,1.090512541
18-11-1983,1.089561996
21-11-1983,1.088257699
22-11-1983,1.085894234
23-11-1983,1.086366105
25-11-1983,1.092657343
28-11-1983,1.09469075
29-11-1983,1.097213079
30-11-1983,1.093254619
01-12-1983,1.075268817
02-12-1983,1.090512541
05-12-1983,1.100836636
06-12-1983,1.100715465
07-12-1983,1.101685579
08-12-1983,1.112966055
09-12-1983,1.100110011
12-12-1983,1.098901099
13-12-1983,1.109262341
14-12-1983,1.121076233
15-12-1983,1.113585746
16-12-1983,1.119820829
19-12-1983,1.137656428
20-12-1983,1.13960114
21-12-1983,1.128668172
22-12-1983,1.109262341
23-12-1983,1.111111111
27-12-1983,1.111111111
28-12-1983,1.112594571
29-12-1983,1.115448968
30-12-1983,1.115448968
03-01-1984,1.114206128
04-01-1984,1.114206128
05-01-1984,1.111728738
06-01-1984,1.099505223
09-01-1984,1.097935881
10-01-1984,1.100473203
11-01-1984,1.109508488
12-01-1984,1.106806862
13-01-1984,1.101928375
16-01-1984,1.104362231
17-01-1984,1.107419712
18-01-1984,1.11049417
19-01-1984,1.110124334
20-01-1984,1.108401685
23-01-1984,1.106806862
24-01-1984,1.104362231
25-01-1984,1.100715465
26-01-1984,1.097694841
27-01-1984,1.091941472
30-01-1984,1.090274749
31-01-1984,1.090274749
01-02-1984,1.08577633
02-02-1984,1.083188908
03-02-1984,1.085187195
06-02-1984,1.085187195
07-02-1984,1.08483402
08-02-1984,1.077818495
09-02-1984,1.073537305
10-02-1984,1.074922068
14-02-1984,1.069861988
15-02-1984,1.064962726
16-02-1984,1.059097649
17-02-1984,1.057753332
21-02-1984,1.063829787
22-02-1984,1.062134891
23-02-1984,1.058985492
24-02-1984,1.059883413
27-02-1984,1.060670344
28-02-1984,1.059209829
29-02-1984,1.059883413
01-03-1984,1.059097649
02-03-1984,1.059434262
05-03-1984,1.047120419
06-03-1984,1.046791584
07-03-1984,1.048218029
08-03-1984,1.049428062
09-03-1984,1.047998323
12-03-1984,1.046901173
13-03-1984,1.038421599
14-03-1984,1.036484245
15-03-1984,1.037344398
16-03-1984,1.037882719
19-03-1984,1.046682018
20-03-1984,1.045478306
21-03-1984,1.051524711
22-03-1984,1.063264221
23-03-1984,1.061571125
26-03-1984,1.050420168
27-03-1984,1.054296257
28-03-1984,1.066325443
29-03-1984,1.065303079
30-03-1984,1.068147832
02-04-1984,1.066098081
03-04-1984,1.063264221
04-04-1984,1.063490375
05-04-1984,1.077586207
06-04-1984,1.086012163
09-04-1984,1.095290252
10-04-1984,1.088731628
11-04-1984,1.079330815
12-04-1984,1.088376143
13-04-1984,1.089680724
16-04-1984,1.089918256
17-04-1984,1.086012163
18-04-1984,1.084363479
19-04-1984,1.084481076
20-04-1984,1.08401084
23-04-1984,1.084598698
24-04-1984,1.089324619
25-04-1984,1.08754758
26-04-1984,1.08754758
27-04-1984,1.088139282
30-04-1984,1.088139282
01-05-1984,1.082837033
02-05-1984,1.076773985
03-05-1984,1.071811361
04-05-1984,1.079563856
07-05-1984,1.092896175
08-05-1984,1.097453907
09-05-1984,1.098659635
10-05-1984,1.106929378
11-05-1984,1.110370864
14-05-1984,1.116694584
15-05-1984,1.112347052
16-05-1984,1.107051921
17-05-1984,1.113585746
18-05-1984,1.118443127
21-05-1984,1.116320607
22-05-1984,1.113461753
23-05-1984,1.106806862
24-05-1984,1.109262341
25-05-1984,1.113585746
29-05-1984,1.112718371
30-05-1984,1.112842199
31-05-1984,1.112347052
01-06-1984,1.107051921
04-06-1984,1.106806862
05-06-1984,1.118943717
06-06-1984,1.114578689
07-06-1984,1.116071429
08-06-1984,1.114827202
11-06-1984,1.115075825
12-06-1984,1.118943717
13-06-1984,1.120699316
14-06-1984,1.121076233
15-06-1984,1.129305477
18-06-1984,1.133786848
19-06-1984,1.132118193
20-06-1984,1.142204455
21-06-1984,1.151410478
22-06-1984,1.151410478
25-06-1984,1.169590643
26-06-1984,1.161440186
27-06-1984,1.162115049
28-06-1984,1.153668666
29-06-1984,1.160766106
02-07-1984,1.16509379
03-07-1984,1.160496693
05-07-1984,1.180637544
06-07-1984,1.187648456
09-07-1984,1.204529029
10-07-1984,1.196172249
11-07-1984,1.201923077
12-07-1984,1.206272618
13-07-1984,1.196888091
16-07-1984,1.194029851
17-07-1984,1.203369434
18-07-1984,1.211093618
19-07-1984,1.204819277
20-07-1984,1.20875136
23-07-1984,1.221299463
24-07-1984,1.211387038
25-07-1984,1.199184555
26-07-1984,1.200480192
27-07-1984,1.207729469
30-07-1984,1.206272618
31-07-1984,1.209921355
01-08-1984,1.202645821
02-08-1984,1.195743154
03-08-1984,1.18623962
06-08-1984,1.188777936
07-08-1984,1.189060642
08-08-1984,1.18666192
09-08-1984,1.189343482
10-08-1984,1.18623962
13-08-1984,1.18835413
14-08-1984,1.187648456
15-08-1984,1.184132623
16-08-1984,1.169317119
17-08-1984,1.173020528
20-08-1984,1.168633867
21-08-1984,1.17260788
22-08-1984,1.170275015
23-08-1984,1.166861144
24-08-1984,1.168907072
27-08-1984,1.169317119
28-08-1984,1.17481203
29-08-1984,1.171646163
30-08-1984,1.177856302
31-08-1984,1.178133836
04-09-1984,1.191185229
05-09-1984,1.209189843
06-09-1984,1.199760048
07-09-1984,1.207729469
10-09-1984,1.204819277
11-09-1984,1.199760048
12-09-1984,1.200336094
13-09-1984,1.204093919
14-09-1984,1.202645821
17-09-1984,1.210800339
18-09-1984,1.208459215
19-09-1984,1.205690861
20-09-1984,1.209921355
21-09-1984,1.200480192
24-09-1984,1.201201201
25-09-1984,1.205836247
26-09-1984,1.204238921
27-09-1984,1.198322349
28-09-1984,1.206272618
01-10-1984,1.201923077
02-10-1984,1.201923077
03-10-1984,1.199472232
04-10-1984,1.201489847
05-10-1984,1.200480192
09-10-1984,1.200480192
10-10-1984,1.203514262
11-10-1984,1.203224642
12-10-1984,1.202645821
15-10-1984,1.205836247
16-10-1984,1.205981669
17-10-1984,1.203514262
18-10-1984,1.202790474
19-10-1984,1.199616123
22-10-1984,1.198322349
23-10-1984,1.19474313
24-10-1984,1.177856302
25-10-1984,1.177024482
26-10-1984,1.179245283
29-10-1984,1.188212928
30-10-1984,1.181055864
31-10-1984,1.176193837
01-11-1984,1.168224299
02-11-1984,1.164958062
05-11-1984,1.160092807
07-11-1984,1.158345882
08-11-1984,1.157407407
09-11-1984,1.162790698
13-11-1984,1.157943492
14-11-1984,1.161710037
15-11-1984,1.164144354
16-11-1984,1.162925922
19-11-1984,1.165637021
20-11-1984,1.167678655
21-11-1984,1.171920778
23-11-1984,1.16713352
26-11-1984,1.171920778
27-11-1984,1.167542323
28-11-1984,1.164279893
29-11-1984,1.16184501
30-11-1984,1.166588894
03-12-1984,1.170686022
04-12-1984,1.168907072
05-12-1984,1.170275015
06-12-1984,1.17370892
07-12-1984,1.178133836
10-12-1984,1.18835413
11-12-1984,1.185395922
12-12-1984,1.181614085
13-12-1984,1.187507422
14-12-1984,1.195457262
17-12-1984,1.19232145
18-12-1984,1.196172249
19-12-1984,1.20105693
20-12-1984,1.20221207
21-12-1984,1.199472232
24-12-1984,1.195457262
26-12-1984,1.199760048
27-12-1984,1.206272618
28-12-1984,1.207292044
31-12-1984,1.212121212
02-01-1985,1.22488976
03-01-1985,1.227144435
04-01-1985,1.231072264
07-01-1985,1.243471773
08-01-1985,1.2318305
09-01-1985,1.227747084
10-01-1985,1.221747098
11-01-1985,1.216545012
14-01-1985,1.223840411
15-01-1985,1.226843332
16-01-1985,1.221896383
17-01-1985,1.222195062
18-01-1985,1.227295042
22-01-1985,1.229558588
23-01-1985,1.232589671
24-01-1985,1.225790635
25-01-1985,1.22624157
28-01-1985,1.225189904
29-01-1985,1.225490196
30-01-1985,1.225189904
31-01-1985,1.228803146
01-02-1985,1.237317496
04-02-1985,1.260557166
05-02-1985,1.284521516
06-02-1985,1.281065847
07-02-1985,1.319261214
08-02-1985,1.298701299
11-02-1985,1.318044023
13-02-1985,1.356852103
14-02-1985,1.340662287
15-02-1985,1.35501355
19-02-1985,1.477104874
20-02-1985,1.46627566
21-02-1985,1.393728223
22-02-1985,1.420454545
25-02-1985,1.44092219
26-02-1985,1.422475107
27-02-1985,1.394700139
28-02-1985,1.408450704
01-03-1985,1.411432604
04-03-1985,1.421464108
05-03-1985,1.446131598
06-03-1985,1.467997651
07-03-1985,1.447806573
08-03-1985,1.449275362
11-03-1985,1.422475107
12-03-1985,1.436781609
13-03-1985,1.439884809
14-03-1985,1.448855404
15-03-1985,1.451800232
18-03-1985,1.445086705
19-03-1985,1.433691756
20-03-1985,1.438848921
21-03-1985,1.416430595
22-03-1985,1.428571429
25-03-1985,1.435750179
26-03-1985,1.430615165
27-03-1985,1.40944327
28-03-1985,1.422475107
29-03-1985,1.428571429
01-04-1985,1.477104874
02-04-1985,1.482579689
03-04-1985,1.515151515
04-04-1985,1.538461538
05-04-1985,1.533742331
08-04-1985,1.53256705
09-04-1985,1.498127341
10-04-1985,1.49142431
11-04-1985,1.486988848
12-04-1985,1.493651979
15-04-1985,1.492537313
16-04-1985,1.501501502
17-04-1985,1.558846454
18-04-1985,1.545595054
19-04-1985,1.552795031
22-04-1985,1.578531965
23-04-1985,1.557632399
24-04-1985,1.519756839
25-04-1985,1.485884101
26-04-1985,1.503759399
29-04-1985,1.527883881
30-04-1985,1.55159038
01-05-1985,1.547987616
02-05-1985,1.531393568
03-05-1985,1.515151515
06-05-1985,1.506024096
07-05-1985,1.49142431
08-05-1985,1.464772228
09-05-1985,1.446131598
10-05-1985,1.444043321
13-05-1985,1.432664756
14-05-1985,1.445086705
15-05-1985,1.457088737
16-05-1985,1.47275405
17-05-1985,1.462415911
20-05-1985,1.438848921
21-05-1985,1.448225923
22-05-1985,1.445086705
23-05-1985,1.474926254
24-05-1985,1.467351431
28-05-1985,1.507159005
29-05-1985,1.506024096
30-05-1985,1.507613448
31-05-1985,1.507840772
03-06-1985,1.507159005
04-06-1985,1.510574018
05-06-1985,1.518602885
06-06-1985,1.510574018
07-06-1985,1.505343971
10-06-1985,1.511030523
11-06-1985,1.505343971
12-06-1985,1.49142431
13-06-1985,1.503759399
14-06-1985,1.501501502
17-06-1985,1.505570611
18-06-1985,1.501501502
19-06-1985,1.498576352
20-06-1985,1.504211793
21-06-1985,1.502629602
24-06-1985,1.504890895
25-06-1985,1.500375094
26-06-1985,1.491869312
27-06-1985,1.500375094
28-06-1985,1.495886313
01-07-1985,1.497454328
02-07-1985,1.501050736
03-07-1985,1.495215311
05-07-1985,1.481481481
08-07-1985,1.473187979
09-07-1985,1.46627566
10-07-1985,1.445504481
11-07-1985,1.426533524
12-07-1985,1.427755568
15-07-1985,1.418842225
16-07-1985,1.408847563
17-07-1985,1.400952648
18-07-1985,1.403114915
19-07-1985,1.395673412
22-07-1985,1.404494382
23-07-1985,1.398992725
24-07-1985,1.415428167
25-07-1985,1.413427562
26-07-1985,1.414427157
29-07-1985,1.391401141
30-07-1985,1.406469761
31-07-1985,1.383891503
01-08-1985,1.396648045
02-08-1985,1.393728223
05-08-1985,1.391788448
06-08-1985,1.405481377
07-08-1985,1.417434444
08-08-1985,1.419446416
09-08-1985,1.412429379
12-08-1985,1.398014819
13-08-1985,1.403508772
14-08-1985,1.418037436
15-08-1985,1.435750179
16-08-1985,1.422879909
19-08-1985,1.416430595
20-08-1985,1.410437236
21-08-1985,1.415428167
22-08-1985,1.416430595
23-08-1985,1.420454545
26-08-1985,1.423487544
27-08-1985,1.430615165
28-08-1985,1.422475107
29-08-1985,1.422475107
30-08-1985,1.42551675
03-09-1985,1.455604076
04-09-1985,1.46092038
05-09-1985,1.449695564
06-09-1985,1.461347362
09-09-1985,1.498127341
10-09-1985,1.48214021
11-09-1985,1.488095238
12-09-1985,1.486104919
13-09-1985,1.474926254
16-09-1985,1.469507715
17-09-1985,1.464772228
18-09-1985,1.46627566
19-09-1985,1.467351431
20-09-1985,1.431639227
23-09-1985,1.421464108
24-09-1985,1.414427157
25-09-1985,1.402524544
26-09-1985,1.389854065
27-09-1985,1.406469761
30-09-1985,1.424501425
01-10-1985,1.406469761
02-10-1985,1.410039481
03-10-1985,1.404494382
04-10-1985,1.413028119
07-10-1985,1.420858198
08-10-1985,1.421464108
09-10-1985,1.43636886
10-10-1985,1.424095699
11-10-1985,1.421868335
15-10-1985,1.428571429
16-10-1985,1.430615165
17-10-1985,1.422272792
18-10-1985,1.419043565
21-10-1985,1.422475107
22-10-1985,1.425923285
23-10-1985,1.435750179
24-10-1985,1.431229426
25-10-1985,1.43020595
28-10-1985,1.428571429
29-10-1985,1.429183936
30-10-1985,1.426533524
31-10-1985,1.430615165
01-11-1985,1.433691756
04-11-1985,1.464128843
05-11-1985,1.496333982
06-11-1985,1.511715797
07-11-1985,1.504890895
08-11-1985,1.485884101
12-11-1985,1.512859304
13-11-1985,1.507840772
14-11-1985,1.49298298
15-11-1985,1.485884101
18-11-1985,1.484780995
19-11-1985,1.477104874
20-11-1985,1.473405039
21-11-1985,1.465845793
22-11-1985,1.45285486
25-11-1985,1.445922499
26-11-1985,1.446549978
27-11-1985,1.454333915
29-11-1985,1.457938475
02-12-1985,1.479289941
03-12-1985,1.477104874
04-12-1985,1.468860165
05-12-1985,1.467351431
06-12-1985,1.468428781
09-12-1985,1.473622163
10-12-1985,1.473839352
11-12-1985,1.461988304
12-12-1985,1.460493647
13-12-1985,1.459214942
16-12-1985,1.464986815
17-12-1985,1.471020889
18-12-1985,1.471453796
19-12-1985,1.464557704
20-12-1985,1.464772228
23-12-1985,1.470588235
24-12-1985,1.46627566
26-12-1985,1.46627566
27-12-1985,1.465845793
30-12-1985,1.468428781
31-12-1985,1.466705779
02-01-1986,1.46627566
03-01-1986,1.468428781
06-01-1986,1.469075951
07-01-1986,1.452432825
08-01-1986,1.4522219
09-01-1986,1.435750179
10-01-1986,1.437607821
13-01-1986,1.441337561
14-01-1986,1.446968601
15-01-1986,1.441961067
16-01-1986,1.42551675
17-01-1986,1.431024614
21-01-1986,1.427959446
22-01-1986,1.404297149
23-01-1986,1.401345291
24-01-1986,1.405481377
27-01-1986,1.40291807
28-01-1986,1.399972001
29-01-1986,1.398405817
30-01-1986,1.398601399
31-01-1986,1.400952648
03-02-1986,1.418842225
04-02-1986,1.443626389
05-02-1986,1.440299582
06-02-1986,1.427144284
07-02-1986,1.440299582
10-02-1986,1.44092219
11-02-1986,1.450747135
12-02-1986,1.460067163
13-02-1986,1.446759259
14-02-1986,1.424907381
18-02-1986,1.418842225
19-02-1986,1.410437236
20-02-1986,1.418439716
21-02-1986,1.423487544
24-02-1986,1.420656343
25-02-1986,1.411831145
26-02-1986,1.411233418
27-02-1986,1.43472023
28-02-1986,1.43000143
03-03-1986,1.436162574
04-03-1986,1.426533524
05-03-1986,1.422879909
06-03-1986,1.427347987
07-03-1986,1.424298533
10-03-1986,1.425313569
11-03-1986,1.418439716
12-03-1986,1.420454545
13-03-1986,1.419446416
14-03-1986,1.422070535
17-03-1986,1.411831145
18-03-1986,1.40291807
19-03-1986,1.408450704
20-03-1986,1.402327864
21-03-1986,1.401148942
24-03-1986,1.39256371
25-03-1986,1.386962552
26-03-1986,1.403705783
27-03-1986,1.404297149
28-03-1986,1.403508772
31-03-1986,1.405283867
01-04-1986,1.385041551
02-04-1986,1.389081817
03-04-1986,1.398014819
04-04-1986,1.394700139
07-04-1986,1.393534002
08-04-1986,1.388888889
09-04-1986,1.39256371
10-04-1986,1.40016802
11-04-1986,1.396648045
14-04-1986,1.395089286
15-04-1986,1.400364095
16-04-1986,1.393534002
17-04-1986,1.396453009
18-04-1986,1.393728223
21-04-1986,1.387925052
22-04-1986,1.370426203
23-04-1986,1.369863014
24-04-1986,1.368738024
25-04-1986,1.368550705
28-04-1986,1.35501355
29-04-1986,1.351168761
30-04-1986,1.350074254
01-05-1986,1.35998912
02-05-1986,1.361099769
05-05-1986,1.353546291
06-05-1986,1.359619307
07-05-1986,1.355932203
08-05-1986,1.344989913
09-05-1986,1.34264232
12-05-1986,1.339584729
13-05-1986,1.368550705
14-05-1986,1.406469761
15-05-1986,1.398992725
16-05-1986,1.387347392
19-05-1986,1.377031121
20-05-1986,1.382743363
21-05-1986,1.388310426
22-05-1986,1.400952648
23-05-1986,1.394116827
27-05-1986,1.388117712
28-05-1986,1.386577926
29-05-1986,1.388888889
30-05-1986,1.398992725
02-06-1986,1.414427157
03-06-1986,1.427347987
04-06-1986,1.427959446
05-06-1986,1.444669171
06-06-1986,1.430615165
09-06-1986,1.435338022
10-06-1986,1.438848921
11-06-1986,1.452432825
12-06-1986,1.448645516
13-06-1986,1.443626389
16-06-1986,1.438641922
17-06-1986,1.442793248
18-06-1986,1.445086705
19-06-1986,1.444043321
20-06-1986,1.448016218
23-06-1986,1.465201465
24-06-1986,1.47275405
25-06-1986,1.497005988
26-06-1986,1.498576352
27-06-1986,1.491869312
30-06-1986,1.484780995
01-07-1986,1.526950679
02-07-1986,1.545833977
03-07-1986,1.576044129
07-07-1986,1.569858713
08-07-1986,1.602820965
09-07-1986,1.582278481
10-07-1986,1.582278481
11-07-1986,1.567152484
14-07-1986,1.557875058
15-07-1986,1.560062403
16-07-1986,1.569612306
17-07-1986,1.570351759
18-07-1986,1.566906926
21-07-1986,1.559332606
22-07-1986,1.569365976
23-07-1986,1.596678908
24-07-1986,1.632386549
25-07-1986,1.662510391
28-07-1986,1.638001638
29-07-1986,1.641227638
30-07-1986,1.638269987
31-07-1986,1.678133915
01-08-1986,1.652346332
04-08-1986,1.662786831
05-08-1986,1.623376623
06-08-1986,1.612903226
07-08-1986,1.637733377
08-08-1986,1.64365549
11-08-1986,1.647989453
12-08-1986,1.643925695
13-08-1986,1.629726206
14-08-1986,1.609528408
15-08-1986,1.60436387
18-08-1986,1.599744041
19-08-1986,1.587301587
20-08-1986,1.634521085
21-08-1986,1.635322976
22-08-1986,1.647446458
25-08-1986,1.652346332
26-08-1986,1.647717911
27-08-1986,1.642036125
28-08-1986,1.643385374
29-08-1986,1.642036125
02-09-1986,1.641227638
03-09-1986,1.63291966
04-09-1986,1.622849724
05-09-1986,1.623113131
08-09-1986,1.62469537
09-09-1986,1.631055293
10-09-1986,1.646090535
11-09-1986,1.619433198
12-09-1986,1.61394448
15-09-1986,1.597444089
16-09-1986,1.600768369
17-09-1986,1.60436387
18-09-1986,1.599232368
19-09-1986,1.591596371
22-09-1986,1.58579131
23-09-1986,1.581027668
24-09-1986,1.586042823
25-09-1986,1.58579131
26-09-1986,1.589319771
29-09-1986,1.593625498
30-09-1986,1.592610288
01-10-1986,1.585288523
02-10-1986,1.584786054
03-10-1986,1.576541069
06-10-1986,1.574555188
07-10-1986,1.576044129
08-10-1986,1.571091909
09-10-1986,1.566170713
10-10-1986,1.566170713
14-10-1986,1.573069058
15-10-1986,1.56030582
16-10-1986,1.5625
17-10-1986,1.567889621
20-10-1986,1.569858713
21-10-1986,1.569858713
22-10-1986,1.568135487
23-10-1986,1.546312046
24-10-1986,1.558846454
27-10-1986,1.559575795
28-10-1986,1.554968123
29-10-1986,1.556420233
30-10-1986,1.558117794
31-10-1986,1.560549313
03-11-1986,1.562011871
04-11-1986,1.559332606
05-11-1986,1.555693839
06-11-1986,1.557389815
07-11-1986,1.553277415
10-11-1986,1.547987616
12-11-1986,1.550147264
13-11-1986,1.550387597
14-11-1986,1.549666822
17-11-1986,1.558846454
18-11-1986,1.555693839
19-11-1986,1.552553951
20-11-1986,1.553760099
21-11-1986,1.552312946
24-11-1986,1.549907006
25-11-1986,1.544401544
26-11-1986,1.537279016
28-11-1986,1.537515375
01-12-1986,1.538461538
02-12-1986,1.540120129
03-12-1986,1.534919417
04-12-1986,1.529051988
05-12-1986,1.530221882
08-12-1986,1.531393568
09-12-1986,1.535862387
10-12-1986,1.532097441
11-12-1986,1.519295047
12-12-1986,1.518372305
15-12-1986,1.512859304
16-12-1986,1.506704837
17-12-1986,1.504890895
18-12-1986,1.504890895
19-12-1986,1.493875112
22-12-1986,1.481042654
23-12-1986,1.504890895
24-12-1986,1.512859304
26-12-1986,1.512859304
29-12-1986,1.508750754
30-12-1986,1.506477855
31-12-1986,1.503081317
02-01-1987,1.501952538
05-01-1987,1.494321578
06-01-1987,1.505570611
07-01-1987,1.507159005
08-01-1987,1.500375094
09-01-1987,1.499250375
12-01-1987,1.499250375
13-01-1987,1.526251526
14-01-1987,1.552795031
15-01-1987,1.538935057
16-01-1987,1.533507131
20-01-1987,1.508068165
21-01-1987,1.511258879
22-01-1987,1.5167602
23-01-1987,1.511715797
26-01-1987,1.509433962
27-01-1987,1.511258879
28-01-1987,1.514463123
29-01-1987,1.51194436
30-01-1987,1.511030523
02-02-1987,1.512859304
03-02-1987,1.502629602
04-02-1987,1.494098312
05-02-1987,1.496557917
06-02-1987,1.494098312
09-02-1987,1.503759399
10-02-1987,1.498351813
11-02-1987,1.497005988
12-02-1987,1.500150015
13-02-1987,1.505343971
17-02-1987,1.511030523
18-02-1987,1.500375094
19-02-1987,1.503307276
20-02-1987,1.504211793
23-02-1987,1.497454328
24-02-1987,1.493651979
25-02-1987,1.483239395
26-02-1987,1.483019428
27-02-1987,1.477104874
02-03-1987,1.467782181
03-03-1987,1.473622163
04-03-1987,1.470155837
05-03-1987,1.473187979
06-03-1987,1.47601476
09-03-1987,1.471670346
10-03-1987,1.463057791
11-03-1987,1.454122437
12-03-1987,1.450326323
13-03-1987,1.47601476
16-03-1987,1.472103636
17-03-1987,1.454333915
18-03-1987,1.455604076
19-03-1987,1.458363716
20-03-1987,1.458363716
23-03-1987,1.452643812
24-03-1987,1.443209698
25-03-1987,1.438848921
26-03-1987,1.438021283
27-03-1987,1.432664756
30-03-1987,1.423487544
31-03-1987,1.419446416
01-04-1987,1.417032733
02-04-1987,1.420051122
03-04-1987,1.409046076
06-04-1987,1.406469761
07-04-1987,1.411631846
08-04-1987,1.41023833
09-04-1987,1.399580126
10-04-1987,1.392369813
13-04-1987,1.383317195
14-04-1987,1.38427464
15-04-1987,1.377790025
16-04-1987,1.398014819
17-04-1987,1.404494382
20-04-1987,1.404099972
21-04-1987,1.412229911
22-04-1987,1.417032733
23-04-1987,1.405481377
24-04-1987,1.409641951
27-04-1987,1.402524544
28-04-1987,1.421464108
29-04-1987,1.415828968
30-04-1987,1.424501425
01-05-1987,1.424907381
04-05-1987,1.419244962
05-05-1987,1.407855836
06-05-1987,1.407855836
07-05-1987,1.406271973
08-05-1987,1.405086413
11-05-1987,1.402327864
12-05-1987,1.396453009
13-05-1987,1.404494382
14-05-1987,1.40016802
15-05-1987,1.393534002
18-05-1987,1.385041551
19-05-1987,1.386770212
20-05-1987,1.381978994
21-05-1987,1.386385693
22-05-1987,1.388310426
26-05-1987,1.40291807
27-05-1987,1.398797035
28-05-1987,1.404099972
29-05-1987,1.404099972
01-06-1987,1.399188471
02-06-1987,1.398210291
03-06-1987,1.395089286
04-06-1987,1.400560224
05-06-1987,1.400756408
08-06-1987,1.400560224
09-06-1987,1.399188471
10-06-1987,1.391594768
11-06-1987,1.396258028
12-06-1987,1.392369813
15-06-1987,1.39528394
16-06-1987,1.390433815
17-06-1987,1.382934587
18-06-1987,1.385041551
19-06-1987,1.386770212
22-06-1987,1.386385693
23-06-1987,1.395673412
24-06-1987,1.394116827
25-06-1987,1.388503194
26-06-1987,1.390627173
29-06-1987,1.387347392
30-06-1987,1.387154945
01-07-1987,1.387154945
02-07-1987,1.388888889
03-07-1987,1.391788448
06-07-1987,1.404297149
07-07-1987,1.428571429
08-07-1987,1.416631251
09-07-1987,1.409046076
10-07-1987,1.413028119
13-07-1987,1.413427562
14-07-1987,1.414427157
15-07-1987,1.408450704
16-07-1987,1.405283867
17-07-1987,1.408847563
20-07-1987,1.415027593
21-07-1987,1.411432604
22-07-1987,1.407855836
23-07-1987,1.408649106
24-07-1987,1.413227812
27-07-1987,1.421464108
28-07-1987,1.429592566
29-07-1987,1.432664756
30-07-1987,1.431639227
31-07-1987,1.432254368
03-08-1987,1.427959446
04-08-1987,1.43081986
05-08-1987,1.424907381
06-08-1987,1.43000143
07-08-1987,1.429796969
10-08-1987,1.433691756
11-08-1987,1.425110446
12-08-1987,1.423487544
13-08-1987,1.418842225
14-08-1987,1.411631846
17-08-1987,1.406865504
18-08-1987,1.396453009
19-08-1987,1.409840688
20-08-1987,1.410835214
21-08-1987,1.40390285
24-08-1987,1.397819402
25-08-1987,1.401541696
26-08-1987,1.404494382
27-08-1987,1.404889014
28-08-1987,1.405481377
31-08-1987,1.399580126
01-09-1987,1.393145723
02-09-1987,1.387347392
03-09-1987,1.384849744
04-09-1987,1.382361073
08-09-1987,1.374003847
09-09-1987,1.372306848
10-09-1987,1.375515818
11-09-1987,1.368925394
14-09-1987,1.374381528
15-09-1987,1.370989855
16-09-1987,1.364442625
17-09-1987,1.363512408
18-09-1987,1.361099769
21-09-1987,1.358142062
22-09-1987,1.365187713
23-09-1987,1.365747064
24-09-1987,1.372683596
25-09-1987,1.38026225
28-09-1987,1.373815084
29-09-1987,1.394700139
30-09-1987,1.410835214
01-10-1987,1.408450704
02-10-1987,1.400952648
05-10-1987,1.40016802
06-10-1987,1.393339836
07-10-1987,1.381788034
08-10-1987,1.382170007
09-10-1987,1.380452789
13-10-1987,1.384849744
14-10-1987,1.382743363
15-10-1987,1.374381528
16-10-1987,1.386962552
19-10-1987,1.384466288
20-10-1987,1.397624039
21-10-1987,1.401541696
22-10-1987,1.397819402
23-10-1987,1.396258028
26-10-1987,1.415428167
27-10-1987,1.432254368
28-10-1987,1.455604076
29-10-1987,1.493651979
30-10-1987,1.492537313
02-11-1987,1.478852411
03-11-1987,1.492091913
04-11-1987,1.485442662
05-11-1987,1.4803849
06-11-1987,1.462415911
09-11-1987,1.464128843
10-11-1987,1.471670346
12-11-1987,1.465201465
13-11-1987,1.458151064
16-11-1987,1.457088737
17-11-1987,1.435338022
18-11-1987,1.439884809
19-11-1987,1.440507058
20-11-1987,1.450326323
23-11-1987,1.464772228
24-11-1987,1.452432825
25-11-1987,1.444877908
27-11-1987,1.440507058
30-11-1987,1.418439716
01-12-1987,1.418439716
02-12-1987,1.423284942
03-12-1987,1.425719989
04-12-1987,1.436162574
07-12-1987,1.434308663
08-12-1987,1.432049262
09-12-1987,1.423690205
10-12-1987,1.414827391
11-12-1987,1.401148942
14-12-1987,1.39275766
15-12-1987,1.403114915
16-12-1987,1.397624039
17-12-1987,1.395089286
18-12-1987,1.403508772
21-12-1987,1.403508772
22-12-1987,1.401541696
23-12-1987,1.402721279
24-12-1987,1.399580126
28-12-1987,1.39275766
29-12-1987,1.386001386
30-12-1987,1.390627173
31-12-1987,1.385041551
04-01-1988,1.386577926
05-01-1988,1.40944327
06-01-1988,1.418439716
07-01-1988,1.414627246
08-01-1988,1.416831964
11-01-1988,1.40944327
12-01-1988,1.408450704
13-01-1988,1.407459536
14-01-1988,1.408847563
15-01-1988,1.424501425
19-01-1988,1.405481377
20-01-1988,1.399580126
21-01-1988,1.397624039
22-01-1988,1.400560224
25-01-1988,1.398210291
26-01-1988,1.400756408
27-01-1988,1.401345291
28-01-1988,1.400952648
29-01-1988,1.412429379
01-02-1988,1.410039481
02-02-1988,1.401541696
03-02-1988,1.405876564
04-02-1988,1.407261469
05-02-1988,1.407459536
08-02-1988,1.406074241
09-02-1988,1.408847563
10-02-1988,1.405283867
11-02-1988,1.401541696
12-02-1988,1.415227852
16-02-1988,1.400560224
17-02-1988,1.399580126
18-02-1988,1.398014819
19-02-1988,1.391788448
22-02-1988,1.389274799
23-02-1988,1.390627173
24-02-1988,1.39528394
25-02-1988,1.394894685
26-02-1988,1.390820584
29-02-1988,1.391594768
01-03-1988,1.388310426
02-03-1988,1.383508578
03-03-1988,1.38026225
04-03-1988,1.377031121
07-03-1988,1.372118551
08-03-1988,1.367989056
09-03-1988,1.372683596
10-03-1988,1.372306848
11-03-1988,1.367240908
14-03-1988,1.37136588
15-03-1988,1.367240908
16-03-1988,1.361470388
17-03-1988,1.36239782
18-03-1988,1.354829969
21-03-1988,1.353912808
22-03-1988,1.352813853
23-03-1988,1.349527665
24-03-1988,1.347164219
25-03-1988,1.354096141
28-03-1988,1.364815068
29-03-1988,1.359804188
30-03-1988,1.353546291
31-03-1988,1.349163519
01-04-1988,1.348617667
04-04-1988,1.348617667
05-04-1988,1.347890551
06-04-1988,1.350803728
07-04-1988,1.355564593
08-04-1988,1.349709812
11-04-1988,1.341921632
12-04-1988,1.34589502
13-04-1988,1.344266703
14-04-1988,1.337077149
15-04-1988,1.337792642
18-04-1988,1.334044824
19-04-1988,1.337077149
20-04-1988,1.331203408
21-04-1988,1.331380642
22-04-1988,1.32222663
25-04-1988,1.325029813
26-04-1988,1.324503311
27-04-1988,1.325029813
28-04-1988,1.319435282
29-04-1988,1.319957761
02-05-1988,1.314751512
03-05-1988,1.305483029
04-05-1988,1.299714063
05-05-1988,1.302761855
06-05-1988,1.302083333
09-05-1988,1.297185108
10-05-1988,1.290322581
11-05-1988,1.293661061
12-05-1988,1.297016861
13-05-1988,1.293159188
16-05-1988,1.294163323
17-05-1988,1.305312622
18-05-1988,1.298026999
19-05-1988,1.290322581
20-05-1988,1.276976121
23-05-1988,1.272264631
24-05-1988,1.275835672
25-05-1988,1.267427123
26-05-1988,1.254233037
27-05-1988,1.242236025
31-05-1988,1.246727341
01-06-1988,1.233197682
02-06-1988,1.246261216
03-06-1988,1.239925604
06-06-1988,1.257861635
07-06-1988,1.253604112
08-06-1988,1.241464929
09-06-1988,1.240233164
10-06-1988,1.237623762
13-06-1988,1.246416552
14-06-1988,1.251094708
15-06-1988,1.240848741
16-06-1988,1.239157373
17-06-1988,1.228501229
20-06-1988,1.218769043
21-06-1988,1.213592233
22-06-1988,1.22488976
23-06-1988,1.219066195
24-06-1988,1.214181642
27-06-1988,1.225490196
28-06-1988,1.241773252
29-06-1988,1.271779219
30-06-1988,1.258653241
01-07-1988,1.265983036
05-07-1988,1.276324186
06-07-1988,1.25502008
07-07-1988,1.242544732
08-07-1988,1.255492781
11-07-1988,1.264702163
12-07-1988,1.260239445
13-07-1988,1.256755058
14-07-1988,1.253918495
15-07-1988,1.271455817
18-07-1988,1.257071025
19-07-1988,1.246571927
20-07-1988,1.235635735
21-07-1988,1.231375446
22-07-1988,1.231678778
25-07-1988,1.234872808
26-07-1988,1.239157373
27-07-1988,1.234263145
28-07-1988,1.243935813
29-07-1988,1.246105919
01-08-1988,1.245330012
02-08-1988,1.245330012
03-08-1988,1.243626415
04-08-1988,1.24300808
05-08-1988,1.245330012
08-08-1988,1.25250501
09-08-1988,1.255492781
10-08-1988,1.251877817
11-08-1988,1.245485116
12-08-1988,1.249219238
15-08-1988,1.249063203
16-08-1988,1.246105919
17-08-1988,1.245330012
18-08-1988,1.240387001
19-08-1988,1.227897839
22-08-1988,1.228803146
23-08-1988,1.227144435
24-08-1988,1.225490196
25-08-1988,1.223990208
26-08-1988,1.232893601
29-08-1988,1.238696891
30-08-1988,1.242544732
31-08-1988,1.24409057
01-09-1988,1.259921885
02-09-1988,1.256913022
06-09-1988,1.244245365
07-09-1988,1.247038284
08-09-1988,1.243781095
09-09-1988,1.242699143
12-09-1988,1.250312578
13-09-1988,1.25502008
14-09-1988,1.260557166
15-09-1988,1.249219238
16-09-1988,1.257229067
19-09-1988,1.271779219
20-09-1988,1.271617497
21-09-1988,1.284191601
22-09-1988,1.275672917
23-09-1988,1.275510204
26-09-1988,1.282709082
27-09-1988,1.276487107
28-09-1988,1.275998469
29-09-1988,1.275347532
30-09-1988,1.277139208
03-10-1988,1.274859765
04-10-1988,1.267266506
05-10-1988,1.264222503
06-10-1988,1.255650427
07-10-1988,1.251877817
11-10-1988,1.246261216
12-10-1988,1.241927471
13-10-1988,1.234567901
14-10-1988,1.229558588
17-10-1988,1.238390093
18-10-1988,1.235635735
19-10-1988,1.219512195
20-10-1988,1.218769043
21-10-1988,1.218323587
24-10-1988,1.223840411
25-10-1988,1.21980971
26-10-1988,1.212856277
27-10-1988,1.220852155
28-10-1988,1.216397032
31-10-1988,1.219512195
01-11-1988,1.218620522
02-11-1988,1.211974306
03-11-1988,1.204819277
04-11-1988,1.207583625
07-11-1988,1.203079885
08-11-1988,1.204819277
09-11-1988,1.18708452
10-11-1988,1.185536455
14-11-1988,1.177163037
15-11-1988,1.171646163
16-11-1988,1.168907072
17-11-1988,1.164822365
18-11-1988,1.169317119
21-11-1988,1.163873371
22-11-1988,1.158077591
23-11-1988,1.149954002
25-11-1988,1.145344176
28-11-1988,1.14521301
29-11-1988,1.140510949
30-11-1988,1.142857143
01-12-1988,1.147446931
02-12-1988,1.148369316
05-12-1988,1.138174368
06-12-1988,1.134429949
07-12-1988,1.157407407
08-12-1988,1.208459215
09-12-1988,1.152472053
12-12-1988,1.166452817
13-12-1988,1.18049817
14-12-1988,1.17000117
15-12-1988,1.171234481
16-12-1988,1.181334908
19-12-1988,1.170960187
20-12-1988,1.17370892
21-12-1988,1.174398121
22-12-1988,1.17370892
23-12-1988,1.175778954
27-12-1988,1.164144354
28-12-1988,1.170275015
29-12-1988,1.170275015
30-12-1988,1.171646163
03-01-1989,1.152073733
04-01-1989,1.149689584
05-01-1989,1.152206475
06-01-1989,1.15942029
09-01-1989,1.157809425
10-01-1989,1.154201293
11-01-1989,1.158882837
12-01-1989,1.153003574
13-01-1989,1.15406809
17-01-1989,1.165637021
18-01-1989,1.159823707
19-01-1989,1.153801777
20-01-1989,1.146788991
23-01-1989,1.138692781
24-01-1989,1.135331517
25-01-1989,1.141552511
26-01-1989,1.138822458
27-01-1989,1.143510577
30-01-1989,1.134172621
31-01-1989,1.126887537
01-02-1989,1.125492403
02-02-1989,1.122964627
03-02-1989,1.14064104
06-02-1989,1.134429949
07-02-1989,1.126887537
08-02-1989,1.121704992
09-02-1989,1.126126126
10-02-1989,1.129305477
13-02-1989,1.126887537
14-02-1989,1.13147771
15-02-1989,1.145344176
16-02-1989,1.194029851
17-02-1989,1.215066829
21-02-1989,1.234110823
22-02-1989,1.219066195
23-02-1989,1.208459215
24-02-1989,1.214034236
27-02-1989,1.255492781
28-02-1989,1.251877817
01-03-1989,1.244400199
02-03-1989,1.243781095
03-03-1989,1.230314961
06-03-1989,1.228803146
07-03-1989,1.236552492
08-03-1989,1.229558588
09-03-1989,1.222344457
10-03-1989,1.217137293
13-03-1989,1.216693028
14-03-1989,1.232589671
15-03-1989,1.241773252
16-03-1989,1.221747098
17-03-1989,1.217581882
20-03-1989,1.213739532
21-03-1989,1.216545012
22-03-1989,1.218323587
23-03-1989,1.208313195
24-03-1989,1.209189843
27-03-1989,1.214329083
28-03-1989,1.225490196
29-03-1989,1.223540927
30-03-1989,1.223540927
31-03-1989,1.221001221
03-04-1989,1.212121212
04-04-1989,1.216397032
05-04-1989,1.252818842
06-04-1989,1.239464551
07-04-1989,1.241156758
10-04-1989,1.239464551
11-04-1989,1.239157373
12-04-1989,1.239003841
13-04-1989,1.239925604
14-04-1989,1.235483074
17-04-1989,1.230314961
18-04-1989,1.24984377
19-04-1989,1.24984377
20-04-1989,1.246882793
21-04-1989,1.257861635
24-04-1989,1.263743207
25-04-1989,1.26246686
26-04-1989,1.260080645
27-04-1989,1.258653241
28-04-1989,1.259445844
01-05-1989,1.262626263
02-05-1989,1.260239445
03-05-1989,1.255965838
04-05-1989,1.249531426
05-05-1989,1.251564456
08-05-1989,1.250781739
09-05-1989,1.257545272
10-05-1989,1.261511291
11-05-1989,1.26246686
12-05-1989,1.277955272
15-05-1989,1.285181853
16-05-1989,1.296344309
17-05-1989,1.31821777
18-05-1989,1.316655695
19-05-1989,1.310959622
22-05-1989,1.344989913
23-05-1989,1.337792642
24-05-1989,1.338688086
25-05-1989,1.321877065
26-05-1989,1.329787234
30-05-1989,1.338688086
31-05-1989,1.329433661
01-06-1989,1.328021248
02-06-1989,1.318391562
05-06-1989,1.322751323
06-06-1989,1.32837407
07-06-1989,1.320306311
08-06-1989,1.330140995
09-06-1989,1.342281879
12-06-1989,1.352265044
13-06-1989,1.347164219
14-06-1989,1.347345729
15-06-1989,1.336898396
16-06-1989,1.328550551
19-06-1989,1.326259947
20-06-1989,1.320480655
21-06-1989,1.300390117
22-06-1989,1.288659794
23-06-1989,1.295336788
26-06-1989,1.295336788
27-06-1989,1.30701869
28-06-1989,1.320480655
29-06-1989,1.32310135
30-06-1989,1.323276432
03-07-1989,1.306335728
05-07-1989,1.299376299
06-07-1989,1.307189542
07-07-1989,1.304971943
10-07-1989,1.308386759
11-07-1989,1.318565401
12-07-1989,1.313887794
13-07-1989,1.324152542
14-07-1989,1.323276432
17-07-1989,1.321003963
18-07-1989,1.322751323
19-07-1989,1.338688086
20-07-1989,1.332800213
21-07-1989,1.33457894
24-07-1989,1.339584729
25-07-1989,1.335648457
26-07-1989,1.325205407
27-07-1989,1.321527686
28-07-1989,1.336898396
31-07-1989,1.32222663
01-08-1989,1.313887794
02-08-1989,1.299714063
03-08-1989,1.305312622
04-08-1989,1.307360439
07-08-1989,1.307531381
08-08-1989,1.299376299
09-08-1989,1.302083333
10-08-1989,1.308729224
11-08-1989,1.317523057
14-08-1989,1.315097317
15-08-1989,1.325205407
16-08-1989,1.320480655
17-08-1989,1.323626737
18-08-1989,1.289324394
21-08-1989,1.313542624
22-08-1989,1.305994515
23-08-1989,1.306335728
24-08-1989,1.315789474
25-08-1989,1.319261214
28-08-1989,1.315097317
29-08-1989,1.303950971
30-08-1989,1.304631442
31-08-1989,1.307702367
01-09-1989,1.317002502
05-09-1989,1.319435282
06-09-1989,1.312508203
07-09-1989,1.313197636
08-09-1989,1.304631442
11-09-1989,1.309414692
12-09-1989,1.308386759
13-09-1989,1.288161793
14-09-1989,1.28998968
15-09-1989,1.294498382
18-09-1989,1.289324394
19-09-1989,1.28998968
20-09-1989,1.290322581
21-09-1989,1.294833614
22-09-1989,1.27665007
25-09-1989,1.265022138
26-09-1989,1.265822785
27-09-1989,1.277955272
28-09-1989,1.288992008
29-09-1989,1.290655653
02-10-1989,1.286504567
03-10-1989,1.285677552
04-10-1989,1.287332647
05-10-1989,1.286173633
06-10-1989,1.278281989
10-10-1989,1.287995878
11-10-1989,1.289490651
12-10-1989,1.301744337
13-10-1989,1.301574906
16-10-1989,1.312680494
17-10-1989,1.302422506
18-10-1989,1.297521733
19-10-1989,1.289490651
20-10-1989,1.295840352
23-10-1989,1.298026999
24-10-1989,1.30701869
25-10-1989,1.292156609
26-10-1989,1.285016705
27-10-1989,1.286173633
30-10-1989,1.276976121
31-10-1989,1.277791975
01-11-1989,1.280081925
02-11-1989,1.282380097
03-11-1989,1.282544568
06-11-1989,1.279754287
07-11-1989,1.274534795
08-11-1989,1.273398701
09-11-1989,1.267266506
10-11-1989,1.272426517
13-11-1989,1.266945395
14-11-1989,1.270486596
15-11-1989,1.276487107
16-11-1989,1.280737705
17-11-1989,1.277955272
20-11-1989,1.279918085
21-11-1989,1.286504567
22-11-1989,1.288493751
24-11-1989,1.276813075
27-11-1989,1.274534795
28-11-1989,1.271779219
29-11-1989,1.281065847
30-11-1989,1.277955272
01-12-1989,1.282051282
04-12-1989,1.280573697
05-12-1989,1.279590531
06-12-1989,1.276976121
07-12-1989,1.279426817
08-12-1989,1.277955272
11-12-1989,1.276161307
12-12-1989,1.271779219
13-12-1989,1.273560876
14-12-1989,1.27388535
15-12-1989,1.275998469
18-12-1989,1.276324186
19-12-1989,1.273398701
20-12-1989,1.270648031
21-12-1989,1.271617497
22-12-1989,1.268230818
26-12-1989,1.263423879
27-12-1989,1.252034556
28-12-1989,1.260080645
29-12-1989,1.266945395
02-01-1990,1.273074475
03-01-1990,1.279099514
04-01-1990,1.271132579
05-01-1990,1.272264631
08-01-1990,1.274047649
09-01-1990,1.271294177
10-01-1990,1.268069997
11-01-1990,1.264222503
12-01-1990,1.259604484
16-01-1990,1.2667849
17-01-1990,1.263104711
18-01-1990,1.259287243
19-01-1990,1.260239445
22-01-1990,1.257229067
23-01-1990,1.290156109
24-01-1990,1.311991603
25-01-1990,1.318739285
26-01-1990,1.314924392
29-01-1990,1.309757695
30-01-1990,1.305483029
31-01-1990,1.301236174
01-02-1990,1.298364061
02-02-1990,1.292824822
05-02-1990,1.306335728
06-02-1990,1.304631442
07-02-1990,1.320132013
08-02-1990,1.325381047
09-02-1990,1.33457894
12-02-1990,1.329610424
13-02-1990,1.329610424
14-02-1990,1.341021859
15-02-1990,1.333333333
16-02-1990,1.321527686
20-02-1990,1.316655695
21-02-1990,1.31821777
22-02-1990,1.307873398
23-02-1990,1.306847883
26-02-1990,1.307189542
27-02-1990,1.314924392
28-02-1990,1.315616366
01-03-1990,1.309757695
02-03-1990,1.316482359
05-03-1990,1.318391562
06-03-1990,1.313887794
07-03-1990,1.316482359
08-03-1990,1.314578678
09-03-1990,1.314578678
12-03-1990,1.319261214
13-03-1990,1.314060447
14-03-1990,1.309757695
15-03-1990,1.32222663
16-03-1990,1.326963907
19-03-1990,1.324678765
20-03-1990,1.321877065
21-03-1990,1.329787234
22-03-1990,1.332622601
23-03-1990,1.337971635
26-03-1990,1.338867318
27-03-1990,1.341921632
28-03-1990,1.338508901
29-03-1990,1.329256945
30-03-1990,1.324854266
02-04-1990,1.322576379
03-04-1990,1.314924392
04-04-1990,1.303950971
05-04-1990,1.307189542
06-04-1990,1.307189542
09-04-1990,1.31061599
10-04-1990,1.308386759
11-04-1990,1.304971943
12-04-1990,1.304971943
13-04-1990,1.307189542
16-04-1990,1.306506402
17-04-1990,1.30667712
18-04-1990,1.298701299
19-04-1990,1.293326436
20-04-1990,1.297858533
23-04-1990,1.306335728
24-04-1990,1.304971943
25-04-1990,1.305483029
26-04-1990,1.322751323
27-04-1990,1.332800213
30-04-1990,1.333333333
01-05-1990,1.341021859
02-05-1990,1.329787234
03-05-1990,1.324152542
04-05-1990,1.325205407
07-05-1990,1.321877065
08-05-1990,1.319783556
09-05-1990,1.318391562
10-05-1990,1.318044023
11-05-1990,1.315789474
14-05-1990,1.303950971
15-05-1990,1.308044474
16-05-1990,1.31147541
17-05-1990,1.312852829
18-05-1990,1.314924392
21-05-1990,1.308900524
22-05-1990,1.308900524
23-05-1990,1.30667712
24-05-1990,1.311819494
25-05-1990,1.304121022
29-05-1990,1.305483029
30-05-1990,1.295336788
31-05-1990,1.302422506
01-06-1990,1.299883011
04-06-1990,1.302761855
05-06-1990,1.297016861
06-06-1990,1.295672454
07-06-1990,1.286173633
08-06-1990,1.294498382
11-06-1990,1.290156109
12-06-1990,1.291989664
13-06-1990,1.291489087
14-06-1990,1.290322581
15-06-1990,1.289324394
18-06-1990,1.283367556
19-06-1990,1.275510204
20-06-1990,1.27665007
21-06-1990,1.265662574
22-06-1990,1.273560876
25-06-1990,1.273723093
26-06-1990,1.274534795
27-06-1990,1.26984127
28-06-1990,1.273398701
29-06-1990,1.263264275
02-07-1990,1.255650427
03-07-1990,1.254075746
05-07-1990,1.251564456
06-07-1990,1.254075746
09-07-1990,1.246105919
10-07-1990,1.239771882
11-07-1990,1.255492781
12-07-1990,1.263743207
13-07-1990,1.281394157
16-07-1990,1.279590531
17-07-1990,1.265983036
18-07-1990,1.263423879
19-07-1990,1.278935925
20-07-1990,1.275835672
23-07-1990,1.275672917
24-07-1990,1.272588445
25-07-1990,1.272426517
26-07-1990,1.283367556
27-07-1990,1.26630366
30-07-1990,1.263264275
31-07-1990,1.259763165
01-08-1990,1.259445844
02-08-1990,1.272426517
03-08-1990,1.27388535
06-08-1990,1.265822785
07-08-1990,1.261829653
08-08-1990,1.25738715
09-08-1990,1.251251251
10-08-1990,1.253604112
13-08-1990,1.246105919
14-08-1990,1.240540876
15-08-1990,1.239003841
16-08-1990,1.24300808
17-08-1990,1.239157373
20-08-1990,1.237623762
21-08-1990,1.225189904
22-08-1990,1.218769043
23-08-1990,1.205836247
24-08-1990,1.200480192
27-08-1990,1.203224642
28-08-1990,1.204529029
29-08-1990,1.201201201
30-08-1990,1.224289912
31-08-1990,1.225490196
04-09-1990,1.227445686
05-09-1990,1.208021261
06-09-1990,1.214034236
07-09-1990,1.218323587
10-09-1990,1.231072264
11-09-1990,1.223990208
12-09-1990,1.221448638
13-09-1990,1.218026797
14-09-1990,1.209628644
17-09-1990,1.202501203
18-09-1990,1.199760048
19-09-1990,1.206127126
20-09-1990,1.209774982
21-09-1990,1.206563707
24-09-1990,1.202645821
25-09-1990,1.204383958
26-09-1990,1.203369434
27-09-1990,1.209628644
28-09-1990,1.211533802
01-10-1990,1.203224642
02-10-1990,1.205109665
03-10-1990,1.201923077
04-10-1990,1.200480192
05-10-1990,1.197461382
09-10-1990,1.199472232
10-10-1990,1.209921355
11-10-1990,1.228501229
12-10-1990,1.222045705
15-10-1990,1.267748479
16-10-1990,1.270648031
17-10-1990,1.286173633
18-10-1990,1.300390117
19-10-1990,1.278772379
22-10-1990,1.278772379
23-10-1990,1.285347044
24-10-1990,1.281394157
25-10-1990,1.27665007
26-10-1990,1.280081925
29-10-1990,1.276324186
30-10-1990,1.278608874
31-10-1990,1.27420999
01-11-1990,1.275998469
02-11-1990,1.287830006
05-11-1990,1.278772379
06-11-1990,1.270648031
07-11-1990,1.284521516
08-11-1990,1.285181853
09-11-1990,1.283038235
13-11-1990,1.294498382
14-11-1990,1.297521733
15-11-1990,1.295336788
16-11-1990,1.299545159
19-11-1990,1.309757695
20-11-1990,1.30667712
21-11-1990,1.309757695
23-11-1990,1.305823975
26-11-1990,1.304971943
27-11-1990,1.301405518
28-11-1990,1.300221038
29-11-1990,1.295001295
30-11-1990,1.291989664
03-12-1990,1.287332647
04-12-1990,1.286504567
05-12-1990,1.300052002
06-12-1990,1.298701299
07-12-1990,1.292824822
10-12-1990,1.304291118
11-12-1990,1.302592158
12-12-1990,1.305483029
13-12-1990,1.319087192
14-12-1990,1.302931596
17-12-1990,1.305483029
18-12-1990,1.298532658
19-12-1990,1.297016861
20-12-1990,1.292991983
21-12-1990,1.293661061
24-12-1990,1.291989664
26-12-1990,1.291989664
27-12-1990,1.302931596
28-12-1990,1.298701299
31-12-1990,1.295336788
02-01-1991,1.292824822
03-01-1991,1.284686536
04-01-1991,1.283202874
07-01-1991,1.286173633
08-01-1991,1.284521516
09-01-1991,1.293995859
10-01-1991,1.293159188
11-01-1991,1.293995859
14-01-1991,1.287830006
15-01-1991,1.280409731
16-01-1991,1.26758778
17-01-1991,1.279263144
18-01-1991,1.285677552
22-01-1991,1.278772379
23-01-1991,1.275347532
24-01-1991,1.284191601
25-01-1991,1.288659794
28-01-1991,1.280081925
29-01-1991,1.276161307
30-01-1991,1.27388535
31-01-1991,1.277791975
01-02-1991,1.278772379
04-02-1991,1.279263144
05-02-1991,1.287830006
06-02-1991,1.284191601
07-02-1991,1.279426817
08-02-1991,1.282709082
11-02-1991,1.283202874
12-02-1991,1.280573697
13-02-1991,1.26984127
14-02-1991,1.270809506
15-02-1991,1.268069997
19-02-1991,1.269035533
20-02-1991,1.270163851
21-02-1991,1.269035533
22-02-1991,1.275835672
25-02-1991,1.27665007
26-02-1991,1.275510204
27-02-1991,1.276161307
28-02-1991,1.273398701
01-03-1991,1.27420999
04-03-1991,1.288161793
05-03-1991,1.294163323
06-03-1991,1.300897619
07-03-1991,1.301744337
08-03-1991,1.302422506
11-03-1991,1.303950971
12-03-1991,1.303271211
13-03-1991,1.30701869
14-03-1991,1.300728408
15-03-1991,1.296512382
18-03-1991,1.302252898
19-03-1991,1.299376299
20-03-1991,1.301574906
21-03-1991,1.296680498
22-03-1991,1.293661061
25-03-1991,1.297016861
26-03-1991,1.296512382
27-03-1991,1.291655903
28-03-1991,1.290322581
29-03-1991,1.293661061
01-04-1991,1.290322581
02-04-1991,1.290322581
03-04-1991,1.284356537
04-04-1991,1.275184902
05-04-1991,1.272264631
08-04-1991,1.274534795
09-04-1991,1.272750414
10-04-1991,1.270486596
11-04-1991,1.279099514
12-04-1991,1.274859765
15-04-1991,1.281558375
16-04-1991,1.282215669
17-04-1991,1.283697048
18-04-1991,1.28600823
19-04-1991,1.293995859
22-04-1991,1.298195508
23-04-1991,1.290322581
24-04-1991,1.291822762
25-04-1991,1.287332647
26-04-1991,1.282873637
29-04-1991,1.283367556
30-04-1991,1.279754287
01-05-1991,1.284026708
02-05-1991,1.285347044
03-05-1991,1.287995878
06-05-1991,1.282873637
07-05-1991,1.280901755
08-05-1991,1.275835672
09-05-1991,1.277139208
10-05-1991,1.275835672
13-05-1991,1.283532281
14-05-1991,1.284026708
15-05-1991,1.276324186
16-05-1991,1.276487107
17-05-1991,1.277955272
20-05-1991,1.278118609
21-05-1991,1.287830006
22-05-1991,1.29617628
23-05-1991,1.321877065
24-05-1991,1.317523057
28-05-1991,1.315270288
29-05-1991,1.314924392
30-05-1991,1.321877065
31-05-1991,1.316829076
03-06-1991,1.320132013
04-06-1991,1.315789474
05-06-1991,1.315270288
06-06-1991,1.332090049
07-06-1991,1.330671989
10-06-1991,1.329787234
11-06-1991,1.324503311
12-06-1991,1.324854266
13-06-1991,1.326259947
14-06-1991,1.325381047
17-06-1991,1.316135825
18-06-1991,1.31061599
19-06-1991,1.310444241
20-06-1991,1.308729224
21-06-1991,1.307189542
24-06-1991,1.308044474
25-06-1991,1.307189542
26-06-1991,1.303780965
27-06-1991,1.302931596
28-06-1991,1.303780965
01-07-1991,1.30701869
02-07-1991,1.308386759
03-07-1991,1.308557969
05-07-1991,1.30701869
08-07-1991,1.304631442
09-07-1991,1.307189542
10-07-1991,1.30480167
11-07-1991,1.30480167
12-07-1991,1.298701299
15-07-1991,1.292323598
16-07-1991,1.289490651
17-07-1991,1.288659794
18-07-1991,1.293661061
19-07-1991,1.284521516
22-07-1991,1.289490651
23-07-1991,1.292323598
24-07-1991,1.290156109
25-07-1991,1.297016861
26-07-1991,1.288992008
29-07-1991,1.288493751
30-07-1991,1.283367556
31-07-1991,1.285347044
01-08-1991,1.287830006
02-08-1991,1.283697048
05-08-1991,1.281722635
06-08-1991,1.27844541
07-08-1991,1.276324186
08-08-1991,1.277955272
09-08-1991,1.276324186
12-08-1991,1.275672917
13-08-1991,1.277955272
14-08-1991,1.278608874
15-08-1991,1.284521516
16-08-1991,1.28600823
19-08-1991,1.283697048
20-08-1991,1.279590531
21-08-1991,1.275510204
22-08-1991,1.270486596
23-08-1991,1.273074475
26-08-1991,1.274697259
27-08-1991,1.275347532
28-08-1991,1.274697259
29-08-1991,1.275184902
30-08-1991,1.273560876
03-09-1991,1.285181853
04-09-1991,1.27420999
05-09-1991,1.272912424
06-09-1991,1.271132579
09-09-1991,1.265022138
10-09-1991,1.269357705
11-09-1991,1.266464032
12-09-1991,1.256597135
13-09-1991,1.255808113
16-09-1991,1.251407834
17-09-1991,1.250781739
18-09-1991,1.25
19-09-1991,1.256755058
20-09-1991,1.254075746
23-09-1991,1.24828361
24-09-1991,1.249687578
25-09-1991,1.256123603
26-09-1991,1.260239445
27-09-1991,1.255492781
30-09-1991,1.250781739
01-10-1991,1.254547736
02-10-1991,1.249375312
03-10-1991,1.25738715
04-10-1991,1.259445844
07-10-1991,1.256281407
08-10-1991,1.260398286
09-10-1991,1.257071025
10-10-1991,1.258970162
11-10-1991,1.254705144
15-10-1991,1.25
16-10-1991,1.257071025
17-10-1991,1.254705144
18-10-1991,1.253132832
21-10-1991,1.25502008
22-10-1991,1.257861635
23-10-1991,1.275510204
24-10-1991,1.273236567
25-10-1991,1.273074475
28-10-1991,1.275184902
29-10-1991,1.270486596
30-10-1991,1.274697259
31-10-1991,1.283532281
01-11-1991,1.280409731
04-11-1991,1.274697259
05-11-1991,1.276161307
06-11-1991,1.275510204
07-11-1991,1.275022313
08-11-1991,1.273236567
12-11-1991,1.270971022
13-11-1991,1.272264631
14-11-1991,1.271779219
15-11-1991,1.273723093
18-11-1991,1.271294177
19-11-1991,1.268552582
20-11-1991,1.267427123
21-11-1991,1.264062698
22-11-1991,1.263423879
25-11-1991,1.262945188
26-11-1991,1.267748479
27-11-1991,1.270971022
29-11-1991,1.274859765
02-12-1991,1.275510204
03-12-1991,1.273074475
04-12-1991,1.273723093
05-12-1991,1.279099514
06-12-1991,1.284686536
09-12-1991,1.292824822
10-12-1991,1.293995859
11-12-1991,1.295336788
12-12-1991,1.296848658
13-12-1991,1.297858533
16-12-1991,1.293661061
17-12-1991,1.292490629
18-12-1991,1.293493727
19-12-1991,1.29617628
20-12-1991,1.303780965
23-12-1991,1.315097317
24-12-1991,1.315616366
26-12-1991,1.314405889
27-12-1991,1.311647429
30-12-1991,1.316309069
31-12-1991,1.317002502
02-01-1992,1.321877065
03-01-1992,1.320655045
06-01-1992,1.308729224
07-01-1992,1.324327904
08-01-1992,1.322051824
09-01-1992,1.339584729
10-01-1992,1.357773252
13-01-1992,1.347708895
14-01-1992,1.340842049
15-01-1992,1.348617667
16-01-1992,1.347890551
17-01-1992,1.34589502
21-01-1992,1.332622601
22-01-1992,1.331026221
23-01-1992,1.342462075
24-01-1992,1.35171668
27-01-1992,1.354462955
28-01-1992,1.34354427
29-01-1992,1.345713901
30-01-1992,1.336898396
31-01-1992,1.329610424
03-02-1992,1.329080276
04-02-1992,1.335113485
05-02-1992,1.341021859
06-02-1992,1.336898396
07-02-1992,1.331557923
10-02-1992,1.33671969
11-02-1992,1.331557923
12-02-1992,1.330849082
13-02-1992,1.327140013
14-02-1992,1.326259947
18-02-1992,1.326084074
19-02-1992,1.320655045
20-02-1992,1.32310135
21-02-1992,1.327316167
24-02-1992,1.331557923
25-02-1992,1.328903654
26-02-1992,1.335648457
27-02-1992,1.327492367
28-02-1992,1.326611833
02-03-1992,1.325381047
03-03-1992,1.328550551
04-03-1992,1.329610424
05-03-1992,1.325908247
06-03-1992,1.324152542
09-03-1992,1.321527686
10-03-1992,1.320829481
11-03-1992,1.325029813
12-03-1992,1.326963907
13-03-1992,1.325029813
16-03-1992,1.324678765
17-03-1992,1.320480655
18-03-1992,1.315443304
19-03-1992,1.315962627
20-03-1992,1.317002502
23-03-1992,1.314924392
24-03-1992,1.313370108
25-03-1992,1.309243257
26-03-1992,1.308044474
27-03-1992,1.30565348
30-03-1992,1.303780965
31-03-1992,1.298701299
01-04-1992,1.304461258
02-04-1992,1.304971943
03-04-1992,1.304631442
06-04-1992,1.310272537
07-04-1992,1.310959622
08-04-1992,1.316655695
09-04-1992,1.310959622
10-04-1992,1.309414692
13-04-1992,1.309243257
14-04-1992,1.305312622
15-04-1992,1.307189542
16-04-1992,1.304291118
17-04-1992,1.303780965
20-04-1992,1.301913813
21-04-1992,1.308044474
22-04-1992,1.31147541
23-04-1992,1.321003963
24-04-1992,1.326259947
27-04-1992,1.322401481
28-04-1992,1.324152542
29-04-1992,1.317696666
30-04-1992,1.321877065
01-05-1992,1.323626737
04-05-1992,1.326611833
05-05-1992,1.318913216
06-05-1992,1.324152542
07-05-1992,1.331026221
08-05-1992,1.326084074
11-05-1992,1.332800213
12-05-1992,1.329256945
13-05-1992,1.328903654
14-05-1992,1.320306311
15-05-1992,1.320306311
18-05-1992,1.318739285
19-05-1992,1.320132013
20-05-1992,1.321702353
21-05-1992,1.318913216
22-05-1992,1.320480655
26-05-1992,1.318391562
27-05-1992,1.319261214
28-05-1992,1.318913216
29-05-1992,1.321353066
01-06-1992,1.320306311
02-06-1992,1.320132013
03-06-1992,1.31061599
04-06-1992,1.310787783
05-06-1992,1.31061599
08-06-1992,1.308900524
09-06-1992,1.310444241
10-06-1992,1.312852829
11-06-1992,1.31302521
12-06-1992,1.31821777
15-06-1992,1.327140013
16-06-1992,1.327316167
17-06-1992,1.328903654
18-06-1992,1.325381047
19-06-1992,1.329433661
22-06-1992,1.334222815
23-06-1992,1.330140995
24-06-1992,1.330140995
25-06-1992,1.333333333
26-06-1992,1.339584729
29-06-1992,1.338508901
30-06-1992,1.3374348
01-07-1992,1.338867318
02-07-1992,1.347527287
03-07-1992,1.343363783
06-07-1992,1.342822613
07-07-1992,1.344809037
08-07-1992,1.339405304
09-07-1992,1.343905389
10-07-1992,1.339943722
13-07-1992,1.341201717
14-07-1992,1.338867318
15-07-1992,1.343905389
16-07-1992,1.345532831
17-07-1992,1.34354427
20-07-1992,1.341381623
21-07-1992,1.339584729
22-07-1992,1.336898396
23-07-1992,1.33671969
24-07-1992,1.340482574
27-07-1992,1.34462821
28-07-1992,1.344447432
29-07-1992,1.34462821
30-07-1992,1.343905389
31-07-1992,1.34354427
03-08-1992,1.344266703
04-08-1992,1.348799568
05-08-1992,1.358142062
06-08-1992,1.356483993
07-08-1992,1.356483993
10-08-1992,1.355932203
11-08-1992,1.372306848
12-08-1992,1.392369813
13-08-1992,1.391401141
14-08-1992,1.386770212
17-08-1992,1.383317195
18-08-1992,1.388310426
19-08-1992,1.378359752
20-08-1992,1.385041551
21-08-1992,1.387539892
24-08-1992,1.401148942
25-08-1992,1.406074241
26-08-1992,1.398797035
27-08-1992,1.395673412
28-08-1992,1.394700139
31-08-1992,1.397428731
01-09-1992,1.393922498
02-09-1992,1.39256371
03-09-1992,1.388888889
04-09-1992,1.388888889
08-09-1992,1.40291807
09-09-1992,1.392175971
10-09-1992,1.384083045
11-09-1992,1.378549766
14-09-1992,1.364070386
15-09-1992,1.367801942
16-09-1992,1.369487812
17-09-1992,1.366680333
18-09-1992,1.365187713
21-09-1992,1.377979881
22-09-1992,1.382170007
23-09-1992,1.385041551
24-09-1992,1.382552191
25-09-1992,1.384083045
28-09-1992,1.395673412
29-09-1992,1.402524544
30-09-1992,1.400756408
01-10-1992,1.400364095
02-10-1992,1.395673412
05-10-1992,1.387925052
06-10-1992,1.386577926
07-10-1992,1.390047262
08-10-1992,1.387347392
09-10-1992,1.393534002
13-10-1992,1.384657989
14-10-1992,1.384466288
15-10-1992,1.38427464
16-10-1992,1.389660923
19-10-1992,1.391401141
20-10-1992,1.398601399
21-10-1992,1.391982183
22-10-1992,1.388696014
23-10-1992,1.391982183
26-10-1992,1.399972001
27-10-1992,1.419446416
28-10-1992,1.436162574
29-10-1992,1.441961067
30-10-1992,1.438434983
02-11-1992,1.447178003
03-11-1992,1.438848921
04-11-1992,1.447387466
05-11-1992,1.435132032
06-11-1992,1.427959446
09-11-1992,1.430615165
10-11-1992,1.45137881
12-11-1992,1.441961067
13-11-1992,1.441753172
16-11-1992,1.45327714
17-11-1992,1.461560947
18-11-1992,1.45327714
19-11-1992,1.462202076
20-11-1992,1.461347362
23-11-1992,1.463486024
24-11-1992,1.460280374
25-11-1992,1.450116009
27-11-1992,1.450747135
30-11-1992,1.465845793
01-12-1992,1.461347362
02-12-1992,1.464343242
03-12-1992,1.452011035
04-12-1992,1.445922499
07-12-1992,1.444251878
08-12-1992,1.442169022
09-12-1992,1.440507058
10-12-1992,1.450747135
11-12-1992,1.448855404
14-12-1992,1.454968718
15-12-1992,1.45327714
16-12-1992,1.451800232
17-12-1992,1.450536699
18-12-1992,1.445922499
21-12-1992,1.443001443
22-12-1992,1.447178003
23-12-1992,1.448435689
24-12-1992,1.446759259
28-12-1992,1.452432825
29-12-1992,1.450326323
30-12-1992,1.450536699
31-12-1992,1.45137881
04-01-1993,1.466705779
05-01-1993,1.484780995
06-01-1993,1.492537313
07-01-1993,1.494768311
08-01-1993,1.488095238
11-01-1993,1.48456057
12-01-1993,1.48456057
13-01-1993,1.493875112
14-01-1993,1.49298298
15-01-1993,1.483679525
19-01-1993,1.487431206
20-01-1993,1.494768311
21-01-1993,1.502629602
22-01-1993,1.488095238
25-01-1993,1.488095238
26-01-1993,1.481481481
27-01-1993,1.484780995
28-01-1993,1.467997651
29-01-1993,1.472103636
01-02-1993,1.4803849
02-02-1993,1.474491301
03-02-1993,1.471020889
04-02-1993,1.473622163
05-02-1993,1.478852411
08-02-1993,1.493875112
09-02-1993,1.492537313
10-02-1993,1.49142431
11-02-1993,1.478415139
12-02-1993,1.476232654
16-02-1993,1.455392228
17-02-1993,1.456876457
18-02-1993,1.453911021
19-02-1993,1.449275362
22-02-1993,1.447387466
23-02-1993,1.436781609
24-02-1993,1.436575205
25-02-1993,1.44092219
26-02-1993,1.437814522
01-03-1993,1.418037436
02-03-1993,1.414427157
03-03-1993,1.417836382
04-03-1993,1.403508772
05-03-1993,1.413028119
08-03-1993,1.416029453
09-03-1993,1.426533524
10-03-1993,1.419647927
11-03-1993,1.415027593
12-03-1993,1.406865504
15-03-1993,1.422272792
16-03-1993,1.418238548
17-03-1993,1.409244645
18-03-1993,1.401148942
19-03-1993,1.397233478
22-03-1993,1.399188471
23-03-1993,1.421464108
24-03-1993,1.418037436
25-03-1993,1.410636197
26-03-1993,1.410437236
29-03-1993,1.412828483
30-03-1993,1.406865504
31-03-1993,1.419647927
01-04-1993,1.43472023
02-04-1993,1.43472023
05-04-1993,1.424704374
06-04-1993,1.421060111
07-04-1993,1.417434444
08-04-1993,1.410039481
09-04-1993,1.411432604
12-04-1993,1.405481377
13-04-1993,1.393728223
14-04-1993,1.386385693
15-04-1993,1.387154945
16-04-1993,1.39586823
19-04-1993,1.390433815
20-04-1993,1.397233478
21-04-1993,1.398601399
22-04-1993,1.405086413
23-04-1993,1.402131239
26-04-1993,1.386962552
27-04-1993,1.394700139
28-04-1993,1.402524544
29-04-1993,1.40193467
30-04-1993,1.419446416
03-05-1993,1.416229996
04-05-1993,1.432254368
05-05-1993,1.43020595
06-05-1993,1.420858198
07-05-1993,1.411831145
10-05-1993,1.423284942
11-05-1993,1.43000143
12-05-1993,1.427551749
13-05-1993,1.417434444
14-05-1993,1.424298533
17-05-1993,1.424298533
18-05-1993,1.446759259
19-05-1993,1.444043321
20-05-1993,1.442169022
21-05-1993,1.439263097
24-05-1993,1.440714594
25-05-1993,1.428367376
26-05-1993,1.431844215
27-05-1993,1.442377037
28-05-1993,1.457301078
01-06-1993,1.477104874
02-06-1993,1.474926254
03-06-1993,1.467997651
04-06-1993,1.481481481
07-06-1993,1.485222041
08-06-1993,1.496333982
09-06-1993,1.482579689
10-06-1993,1.478633742
11-06-1993,1.471670346
14-06-1993,1.481481481
15-06-1993,1.4781966
16-06-1993,1.4781966
17-06-1993,1.483019428
18-06-1993,1.47601476
21-06-1993,1.459854015
22-06-1993,1.462415911
23-06-1993,1.484119917
24-06-1993,1.49298298
25-06-1993,1.493875112
28-06-1993,1.497678598
29-06-1993,1.493651979
30-06-1993,1.500825454
01-07-1993,1.500825454
02-07-1993,1.494321578
06-07-1993,1.477978126
07-07-1993,1.472320377
08-07-1993,1.460280374
09-07-1993,1.465416178
12-07-1993,1.471670346
13-07-1993,1.47601476
14-07-1993,1.47601476
15-07-1993,1.470588235
16-07-1993,1.473405039
19-07-1993,1.477104874
20-07-1993,1.477104874
21-07-1993,1.47601476
22-07-1993,1.477104874
23-07-1993,1.474926254
26-07-1993,1.47275405
27-07-1993,1.476450613
28-07-1993,1.47972773
29-07-1993,1.476886723
30-07-1993,1.453488372
02-08-1993,1.450326323
03-08-1993,1.449275362
04-08-1993,1.453488372
05-08-1993,1.456452083
06-08-1993,1.471670346
09-08-1993,1.469507715
10-08-1993,1.457725948
11-08-1993,1.465630954
12-08-1993,1.474926254
13-08-1993,1.474926254
16-08-1993,1.471670346
17-08-1993,1.485442662
18-08-1993,1.48214021
19-08-1993,1.48214021
20-08-1993,1.476886723
23-08-1993,1.500375094
24-08-1993,1.494768311
25-08-1993,1.490312966
26-08-1993,1.492091913
27-08-1993,1.501501502
30-08-1993,1.490979574
31-08-1993,1.490312966
01-09-1993,1.497005988
02-09-1993,1.524390244
03-09-1993,1.542495758
07-09-1993,1.538935057
08-09-1993,1.519756839
09-09-1993,1.525553013
10-09-1993,1.539882969
13-09-1993,1.53609831
14-09-1993,1.547987616
15-09-1993,1.539171926
16-09-1993,1.536570375
17-09-1993,1.535626536
20-09-1993,1.539408867
21-09-1993,1.529051988
22-09-1993,1.526717557
23-09-1993,1.53609831
24-09-1993,1.528584531
27-09-1993,1.538461538
28-09-1993,1.544401544
29-09-1993,1.550387597
30-09-1993,1.550387597
01-10-1993,1.544401544
04-10-1993,1.547987616
05-10-1993,1.54679041
06-10-1993,1.527883881
07-10-1993,1.526717557
08-10-1993,1.519756839
12-10-1993,1.517450683
13-10-1993,1.512172993
14-10-1993,1.508295626
15-10-1993,1.510574018
18-10-1993,1.512859304
19-10-1993,1.505570611
20-10-1993,1.497005988
21-10-1993,1.492537313
22-10-1993,1.494768311
25-10-1993,1.494098312
26-10-1993,1.499025633
27-10-1993,1.501276085
28-10-1993,1.499250375
29-10-1993,1.502629602
01-11-1993,1.483679525
02-11-1993,1.485884101
03-11-1993,1.479289941
04-11-1993,1.486546752
05-11-1993,1.484340211
08-11-1993,1.492537313
09-11-1993,1.498127341
10-11-1993,1.509433962
12-11-1993,1.519064256
15-11-1993,1.52975371
16-11-1993,1.522533496
17-11-1993,1.508295626
18-11-1993,1.511030523
19-11-1993,1.511715797
22-11-1993,1.513317191
23-11-1993,1.508295626
24-11-1993,1.504890895
26-11-1993,1.510574018
29-11-1993,1.515610791
30-11-1993,1.518833536
01-12-1993,1.519756839
02-12-1993,1.501501502
03-12-1993,1.494768311
06-12-1993,1.490312966
07-12-1993,1.500375094
08-12-1993,1.488095238
09-12-1993,1.490312966
10-12-1993,1.489868892
13-12-1993,1.489203276
14-12-1993,1.486325803
15-12-1993,1.486546752
16-12-1993,1.483679525
17-12-1993,1.47275405
20-12-1993,1.473839352
21-12-1993,1.472320377
22-12-1993,1.470588235
23-12-1993,1.476886723
24-12-1993,1.47427392
27-12-1993,1.473839352
28-12-1993,1.473187979
29-12-1993,1.483679525
30-12-1993,1.478852411
31-12-1993,1.47427392
03-01-1994,1.461988304
04-01-1994,1.46092038
05-01-1994,1.457725948
06-01-1994,1.461988304
07-01-1994,1.456664239
10-01-1994,1.456664239
11-01-1994,1.448225923
12-01-1994,1.448855404
13-01-1994,1.447596989
14-01-1994,1.449275362
18-01-1994,1.436781609
19-01-1994,1.426533524
20-01-1994,1.421666193
21-01-1994,1.423487544
24-01-1994,1.422475107
25-01-1994,1.412429379
26-01-1994,1.411432604
27-01-1994,1.410437236
28-01-1994,1.411233418
31-01-1994,1.411432604
01-02-1994,1.395673412
02-02-1994,1.398601399
03-02-1994,1.398601399
04-02-1994,1.399580126
07-02-1994,1.398601399
08-02-1994,1.39275766
09-02-1994,1.393728223
10-02-1994,1.39275766
11-02-1994,1.398992725
14-02-1994,1.405481377
15-02-1994,1.411432604
16-02-1994,1.405481377
17-02-1994,1.398601399
18-02-1994,1.401541696
22-02-1994,1.389854065
23-02-1994,1.38026225
24-02-1994,1.38026225
25-02-1994,1.386577926
28-02-1994,1.404494382
01-03-1994,1.399188471
02-03-1994,1.416831964
03-03-1994,1.416430595
04-03-1994,1.400560224
07-03-1994,1.390820584
08-03-1994,1.394700139
09-03-1994,1.40016802
10-03-1994,1.410437236
11-03-1994,1.408054069
14-03-1994,1.392175971
15-03-1994,1.39275766
16-03-1994,1.402524544
17-03-1994,1.403508772
18-03-1994,1.403114915
21-03-1994,1.410835214
22-03-1994,1.40944327
23-03-1994,1.407855836
24-03-1994,1.40944327
25-03-1994,1.406469761
28-03-1994,1.405876564
29-03-1994,1.419043565
30-03-1994,1.430615165
31-03-1994,1.42551675
01-04-1994,1.415828968
04-04-1994,1.418439716
05-04-1994,1.421868335
06-04-1994,1.419446416
07-04-1994,1.403508772
08-04-1994,1.38121547
11-04-1994,1.383700014
12-04-1994,1.382170007
13-04-1994,1.386001386
14-04-1994,1.383125864
15-04-1994,1.383125864
18-04-1994,1.393728223
19-04-1994,1.398601399
20-04-1994,1.396258028
21-04-1994,1.401541696
22-04-1994,1.391788448
25-04-1994,1.395089286
26-04-1994,1.388310426
27-04-1994,1.396648045
28-04-1994,1.404494382
29-04-1994,1.401541696
02-05-1994,1.405481377
03-05-1994,1.416430595
04-05-1994,1.405086413
05-05-1994,1.398992725
06-05-1994,1.397624039
09-05-1994,1.390820584
10-05-1994,1.380834024
11-05-1994,1.384849744
12-05-1994,1.393728223
13-05-1994,1.38427464
16-05-1994,1.377410468
17-05-1994,1.374570447
18-05-1994,1.373626374
19-05-1994,1.372118551
20-05-1994,1.372118551
23-05-1994,1.36239782
24-05-1994,1.360174102
25-05-1994,1.361470388
26-05-1994,1.365560563
27-05-1994,1.364815068
31-05-1994,1.354096141
01-06-1994,1.351168761
02-06-1994,1.355564593
03-06-1994,1.355380862
06-06-1994,1.361470388
07-06-1994,1.363326517
08-06-1994,1.362769147
09-06-1994,1.361470388
10-06-1994,1.36239782
13-06-1994,1.359619307
14-06-1994,1.372118551
15-06-1994,1.36761488
16-06-1994,1.368925394
17-06-1994,1.366120219
20-06-1994,1.35501355
21-06-1994,1.344447432
22-06-1994,1.353179973
23-06-1994,1.364628821
24-06-1994,1.374003847
27-06-1994,1.386962552
28-06-1994,1.385041551
29-06-1994,1.37988133
30-06-1994,1.367989056
01-07-1994,1.372118551
05-07-1994,1.377410468
06-07-1994,1.376841526
07-07-1994,1.374003847
08-07-1994,1.371742112
11-07-1994,1.367053999
12-07-1994,1.360914535
13-07-1994,1.356852103
14-07-1994,1.361841209
15-07-1994,1.363884343
18-07-1994,1.368363437
19-07-1994,1.365187713
20-07-1994,1.360544218
21-07-1994,1.360544218
22-07-1994,1.352265044
25-07-1994,1.345532831
26-07-1994,1.34535181
27-07-1994,1.353546291
28-07-1994,1.358695652
29-07-1994,1.353363107
01-08-1994,1.355932203
02-08-1994,1.361470388
03-08-1994,1.365187713
04-08-1994,1.359619307
05-08-1994,1.348617667
08-08-1994,1.350803728
09-08-1994,1.349527665
10-08-1994,1.34589502
11-08-1994,1.341381623
12-08-1994,1.348617667
15-08-1994,1.350438893
16-08-1994,1.35098622
17-08-1994,1.348617667
18-08-1994,1.35171668
19-08-1994,1.354646437
22-08-1994,1.360174102
23-08-1994,1.359619307
24-08-1994,1.350438893
25-08-1994,1.343724805
26-08-1994,1.343183345
29-08-1994,1.347708895
30-08-1994,1.34589502
31-08-1994,1.343363783
01-09-1994,1.34589502
02-09-1994,1.347708895
06-09-1994,1.350621286
07-09-1994,1.344989913
08-09-1994,1.342281879
09-09-1994,1.342281879
12-09-1994,1.344809037
13-09-1994,1.343724805
14-09-1994,1.348617667
15-09-1994,1.344989913
16-09-1994,1.343724805
19-09-1994,1.34643867
20-09-1994,1.346619984
21-09-1994,1.339225927
22-09-1994,1.359249694
23-09-1994,1.352630867
26-09-1994,1.351899419
27-09-1994,1.352996888
28-09-1994,1.350803728
29-09-1994,1.351351351
30-09-1994,1.351351351
03-10-1994,1.350256549
04-10-1994,1.354646437
05-10-1994,1.352813853
06-10-1994,1.352265044
07-10-1994,1.355564593
11-10-1994,1.359619307
12-10-1994,1.359064963
13-10-1994,1.355932203
14-10-1994,1.360544218
17-10-1994,1.360544218
18-10-1994,1.356300014
19-10-1994,1.359619307
20-10-1994,1.357588922
21-10-1994,1.367053999
24-10-1994,1.358142062
25-10-1994,1.358142062
26-10-1994,1.347708895
27-10-1994,1.34535181
28-10-1994,1.34643867
31-10-1994,1.347708895
01-11-1994,1.349527665
02-11-1994,1.347164219
03-11-1994,1.346982759
04-11-1994,1.335113485
07-11-1994,1.325381047
08-11-1994,1.328903654
09-11-1994,1.321877065
10-11-1994,1.324503311
14-11-1994,1.330671989
15-11-1994,1.328021248
16-11-1994,1.331557923
17-11-1994,1.327140013
18-11-1994,1.320132013
21-11-1994,1.312680494
22-11-1994,1.31061599
23-11-1994,1.315789474
25-11-1994,1.316482359
28-11-1994,1.312335958
29-11-1994,1.309929264
30-11-1994,1.30055924
01-12-1994,1.302252898
02-12-1994,1.299883011
05-12-1994,1.298701299
06-12-1994,1.300390117
07-12-1994,1.299207483
08-12-1994,1.299545159
09-12-1994,1.291655903
12-12-1994,1.291989664
13-12-1994,1.290322581
14-12-1994,1.289490651
15-12-1994,1.285677552
16-12-1994,1.290322581
19-12-1994,1.287830006
20-12-1994,1.289823294
21-12-1994,1.290322581
22-12-1994,1.289490651
23-12-1994,1.287001287
27-12-1994,1.287830006
28-12-1994,1.286173633
29-12-1994,1.288493751
30-12-1994,1.289823294
03-01-1995,1.298195508
04-01-1995,1.300728408
05-01-1995,1.302931596
06-01-1995,1.305483029
09-01-1995,1.312335958
10-01-1995,1.303780965
11-01-1995,1.298195508
12-01-1995,1.304631442
13-01-1995,1.321003963
17-01-1995,1.318391562
18-01-1995,1.315270288
19-01-1995,1.306335728
20-01-1995,1.301236174
23-01-1995,1.303271211
24-01-1995,1.298701299
25-01-1995,1.308386759
26-01-1995,1.306335728
27-01-1995,1.312335958
30-01-1995,1.317523057
31-01-1995,1.320132013
01-02-1995,1.317523057
02-02-1995,1.318391562
03-02-1995,1.328903654
06-02-1995,1.331380642
07-02-1995,1.339764202
08-02-1995,1.343905389
09-02-1995,1.344086022
10-02-1995,1.341921632
13-02-1995,1.343724805
14-02-1995,1.344086022
15-02-1995,1.338688086
16-02-1995,1.341381623
17-02-1995,1.355932203
21-02-1995,1.348617667
22-02-1995,1.35501355
23-02-1995,1.357773252
24-02-1995,1.356300014
27-02-1995,1.352265044
28-02-1995,1.35501355
01-03-1995,1.360914535
02-03-1995,1.356852103
03-03-1995,1.354829969
06-03-1995,1.352630867
07-03-1995,1.354096141
08-03-1995,1.352996888
09-03-1995,1.349527665
10-03-1995,1.343183345
13-03-1995,1.340123291
14-03-1995,1.344086022
15-03-1995,1.341381623
16-03-1995,1.340482574
17-03-1995,1.36239782
20-03-1995,1.381597126
21-03-1995,1.376651982
22-03-1995,1.379310345
23-03-1995,1.378739832
24-03-1995,1.372683596
27-03-1995,1.37892995
28-03-1995,1.374948439
29-03-1995,1.381406272
30-03-1995,1.373626374
31-03-1995,1.365187713
03-04-1995,1.364815068
04-04-1995,1.364815068
05-04-1995,1.352630867
06-04-1995,1.35098622
07-04-1995,1.349527665
10-04-1995,1.349527665
11-04-1995,1.350438893
12-04-1995,1.34643867
13-04-1995,1.351899419
14-04-1995,1.351351351
17-04-1995,1.348072257
18-04-1995,1.349345567
19-04-1995,1.360359135
20-04-1995,1.361470388
21-04-1995,1.365187713
24-04-1995,1.370238421
25-04-1995,1.375515818
26-04-1995,1.377031121
27-04-1995,1.374003847
28-04-1995,1.375137514
01-05-1995,1.372683596
02-05-1995,1.37136588
03-05-1995,1.36425648
04-05-1995,1.350438893
05-05-1995,1.348254011
08-05-1995,1.354096141
09-05-1995,1.37136588
10-05-1995,1.372495196
11-05-1995,1.364628821
12-05-1995,1.350074254
15-05-1995,1.36369835
16-05-1995,1.374948439
17-05-1995,1.368925394
18-05-1995,1.393728223
19-05-1995,1.398601399
22-05-1995,1.39256371
23-05-1995,1.391401141
24-05-1995,1.394700139
25-05-1995,1.390433815
26-05-1995,1.390820584
30-05-1995,1.388310426
31-05-1995,1.390820584
01-06-1995,1.397819402
02-06-1995,1.395673412
05-06-1995,1.399972001
06-06-1995,1.395673412
07-06-1995,1.387925052
08-06-1995,1.383700014
09-06-1995,1.388888889
12-06-1995,1.393728223
13-06-1995,1.390240512
14-06-1995,1.386001386
15-06-1995,1.374570447
16-06-1995,1.373437715
19-06-1995,1.376083666
20-06-1995,1.38064338
21-06-1995,1.378359752
22-06-1995,1.387539892
23-06-1995,1.387347392
26-06-1995,1.391788448
27-06-1995,1.40016802
28-06-1995,1.40016802
29-06-1995,1.397624039
30-06-1995,1.406865504
03-07-1995,1.408450704
05-07-1995,1.408450704
06-07-1995,1.405481377
07-07-1995,1.397233478
10-07-1995,1.399384271
11-07-1995,1.388888889
12-07-1995,1.386001386
13-07-1995,1.364815068
14-07-1995,1.369300288
17-07-1995,1.365560563
18-07-1995,1.365374113
19-07-1995,1.366120219
20-07-1995,1.360914535
21-07-1995,1.360544218
24-07-1995,1.355932203
25-07-1995,1.354096141
26-07-1995,1.354829969
27-07-1995,1.357773252
28-07-1995,1.358142062
31-07-1995,1.353729525
01-08-1995,1.350803728
02-08-1995,1.350438893
03-08-1995,1.35098622
04-08-1995,1.346801347
07-08-1995,1.348799568
08-08-1995,1.344809037
09-08-1995,1.347708895
10-08-1995,1.35171668
11-08-1995,1.347708895
14-08-1995,1.348617667
15-08-1995,1.358142062
16-08-1995,1.366120219
17-08-1995,1.367053999
18-08-1995,1.359619307
21-08-1995,1.357220413
22-08-1995,1.351351351
23-08-1995,1.350438893
24-08-1995,1.349892009
25-08-1995,1.344989913
28-08-1995,1.345170837
29-08-1995,1.331557923
30-08-1995,1.325205407
31-08-1995,1.330317946
01-09-1995,1.334400854
05-09-1995,1.331557923
06-09-1995,1.332445037
07-09-1995,1.331557923
08-09-1995,1.330671989
11-09-1995,1.328903654
12-09-1995,1.315789474
13-09-1995,1.310959622
14-09-1995,1.312335958
15-09-1995,1.316829076
18-09-1995,1.324503311
19-09-1995,1.315616366
20-09-1995,1.321877065
21-09-1995,1.326611833
22-09-1995,1.341381623
25-09-1995,1.33457894
26-09-1995,1.337971635
27-09-1995,1.336005344
28-09-1995,1.328903654
29-09-1995,1.323626737
02-10-1995,1.312335958
03-10-1995,1.305823975
04-10-1995,1.310444241
05-10-1995,1.316135825
06-10-1995,1.313715187
10-10-1995,1.318913216
11-10-1995,1.310959622
12-10-1995,1.315270288
13-10-1995,1.317523057
16-10-1995,1.322751323
17-10-1995,1.321003963
18-10-1995,1.325381047
19-10-1995,1.329787234
20-10-1995,1.33386688
23-10-1995,1.336898396
24-10-1995,1.338508901
25-10-1995,1.336005344
26-10-1995,1.323977228
27-10-1995,1.326259947
30-10-1995,1.314060447
31-10-1995,1.313197636
01-11-1995,1.315270288
02-11-1995,1.318391562
03-11-1995,1.319261214
06-11-1995,1.328021248
07-11-1995,1.32837407
08-11-1995,1.332800213
09-11-1995,1.359064963
10-11-1995,1.355380862
13-11-1995,1.35501355
14-11-1995,1.35098622
15-11-1995,1.360544218
16-11-1995,1.350438893
17-11-1995,1.350438893
20-11-1995,1.345170837
21-11-1995,1.341201717
22-11-1995,1.349345567
24-11-1995,1.351351351
27-11-1995,1.350438893
28-11-1995,1.333333333
29-11-1995,1.336005344
30-11-1995,1.346982759
01-12-1995,1.356483993
04-12-1995,1.352082207
05-12-1995,1.354279523
06-12-1995,1.352265044
07-12-1995,1.353179973
08-12-1995,1.355564593
11-12-1995,1.358695652
12-12-1995,1.350438893
13-12-1995,1.343363783
14-12-1995,1.355197181
15-12-1995,1.349527665
18-12-1995,1.350438893
19-12-1995,1.349892009
20-12-1995,1.349527665
21-12-1995,1.348617667
22-12-1995,1.352265044
26-12-1995,1.351351351
27-12-1995,1.337255951
28-12-1995,1.342281879
29-12-1995,1.345532831
